PRAGMA foreign_keys=OFF;
BEGIN TRANSACTION;
CREATE TABLE `knex_migrations` (`id` integer not null primary key autoincrement, `name` varchar(255), `batch` integer, `migration_time` datetime);
INSERT INTO knex_migrations VALUES(1,'20251001002905_products.js',1,1759278728676);
INSERT INTO knex_migrations VALUES(2,'20251001002940_YYYYMMDDHHMMSS_create_consoles_table.js.js',1,1759278728679);
INSERT INTO knex_migrations VALUES(3,'20251001003011_YYYYMMDDHHMMSS_create_sessions_table.js.js',1,1759278728680);
INSERT INTO knex_migrations VALUES(4,'20251001003028_YYYYMMDDHHMMSS_create_session_items_table.js.js',1,1759278728681);
INSERT INTO knex_migrations VALUES(5,'20251001003112_YYYYMMDDHHMMSS_create_products_table.js.js',1,1759278728683);
INSERT INTO knex_migrations VALUES(6,'20251001012912_create_users_table.ts',2,1759282218791);
INSERT INTO knex_migrations VALUES(7,'20251001014410_add_paused_at_to_sessions.ts',3,1759283108678);
INSERT INTO knex_migrations VALUES(8,'20251001014838_create_receipts_table.ts',4,1759283437574);
INSERT INTO knex_migrations VALUES(9,'20251001014843_create_receipt_items_table.ts',4,1759283437576);
INSERT INTO knex_migrations VALUES(10,'20251004150720_pause_column.ts',5,1759590523453);
INSERT INTO knex_migrations VALUES(11,'20251004212931_description.ts',6,1759613501432);
INSERT INTO knex_migrations VALUES(12,'20251005112417_product_name.ts',7,1759663525814);
INSERT INTO knex_migrations VALUES(13,'20251005195717_price_fields.ts',8,1759694584250);
INSERT INTO knex_migrations VALUES(14,'20251006151551_gaming_mode.ts',9,1760189450218);
INSERT INTO knex_migrations VALUES(15,'20251011132904_add_rate_fields_to_receipts.ts.ts',9,1760189450220);
CREATE TABLE `knex_migrations_lock` (`index` integer not null primary key autoincrement, `is_locked` integer);
INSERT INTO knex_migrations_lock VALUES(1,0);
CREATE TABLE `consoles` (`id` varchar(255), `name` varchar(255) not null, `type` varchar(255) not null, `status` varchar(255) not null default 'available', `hourly_rate` float not null, `created_at` datetime not null default CURRENT_TIMESTAMP, `updated_at` datetime not null default CURRENT_TIMESTAMP, hourly_rate_2v2 DECIMAL(8,2) DEFAULT 0.00, `current_mode` text check (`current_mode` in ('1vs1', '2vs2')) not null default '1vs1', `mode_hourly_rates` json not null default '{"1vs1":10,"2vs2":15}', primary key (`id`));
INSERT INTO consoles VALUES('ps4-1','PS4  TCL','PS4','available',200.0,'2025-10-01 02:20:03','2025-10-14T20:05:47.484Z',240,'1vs1','{"1vs1":300,"2vs2":450}');
INSERT INTO consoles VALUES('ps4-2','PS4 Samsung 50"','PS4','available',200.0,'2025-10-01 02:20:03','2025-10-14T20:06:11.348Z',240,'1vs1','{"1vs1":300,"2vs2":450}');
INSERT INTO consoles VALUES('ps4-3','PS4 Samsung 55"','PS4','available',200.0,'2025-10-01 02:20:03','2025-10-14T20:06:56.070Z',240,'1vs1','{"1vs1":350,"2vs2":525}');
INSERT INTO consoles VALUES('ps4-4','PS4 Console 4','PS4','maintenance',300.0,'2025-10-01 02:20:03','2025-10-15T02:30:52.510Z',450,'1vs1','{"1vs1":300,"2vs2":450}');
INSERT INTO consoles VALUES('ps5-1','PS5 Samsung 50','PS5','available',400.0,'2025-10-01 02:20:03','2025-10-14T20:07:47.391Z',600,'1vs1','{"1vs1":350,"2vs2":525}');
INSERT INTO consoles VALUES('ps5-2','PS5 VIP','PS5','available',400.0,'2025-10-01 02:20:03','2025-10-14T20:08:07.284Z',600,'1vs1','{"1vs1":350,"2vs2":525}');
CREATE TABLE `sessions` (`id` varchar(255), `console_id` varchar(255), `start_time` datetime not null, `end_time` datetime, `status` varchar(255) not null default 'active', `total_paused_duration` integer default '0', `final_cost` float, `created_at` datetime not null default CURRENT_TIMESTAMP, `updated_at` datetime not null default CURRENT_TIMESTAMP, `paused_at` datetime null, `paused_duration` integer default '0', gaming_mode VARCHAR(10) DEFAULT '1v1', foreign key(`console_id`) references `consoles`(`id`) on delete SET NULL, primary key (`id`));
INSERT INTO sessions VALUES('ses_01K7FP2FXZHXVXRQB8G5WM28DN','ps4-3',1760389316544,1760389322371,'ended',0,0.569999999999999951,'2025-10-13 21:01:56','2025-10-13 21:01:56',NULL,0,'1v1');
INSERT INTO sessions VALUES('ses_01K7FP4WR4S9V1DRDZ2A5PCKPD','ps4-3',1760389395204,1760389404122,'ended',0,1.11000000000000009,'2025-10-13 21:03:15','2025-10-13 21:03:15',NULL,0,'2v2');
INSERT INTO sessions VALUES('ses_01K7J59B5FEESQ7W6PGP104Q82','ps4-1',1760472378544,1760482242548,'ended',0,548.0,'2025-10-14 20:06:18','2025-10-14 20:06:18',NULL,0,'1v1');
INSERT INTO sessions VALUES('ses_01K7J59V56Y9X5JC7JV0D8H352','ps4-2',1760472394918,1760477797463,'ended',0,300.139999999999986,'2025-10-14 20:06:34','2025-10-14 20:06:34',NULL,0,'1v1');
INSERT INTO sessions VALUES('ses_01K7J5AKKEQ3QK23Y86S2RBPVD','ps4-3',1760472419950,1760477869838,'ended',7026,302.379999999999995,'2025-10-14 20:06:59','2025-10-14 20:06:59',NULL,0,'1v1');
INSERT INTO sessions VALUES('ses_01K7J5C6YE27EFYNQ9MH4VY4V5','ps5-1',1760472472526,1760477928501,'ended',0,606.220000000000027,'2025-10-14 20:07:52','2025-10-14 20:07:52',NULL,0,'1v1');
INSERT INTO sessions VALUES('ses_01K7JBN6W7GFDCJNF4AJ29GBE6','ps4-3',1760479058823,1760484485790,'ended',275002,343.459999999999979,'2025-10-14 21:57:38','2025-10-14 21:57:38',NULL,0,'2v2');
INSERT INTO sessions VALUES('ses_01K7JBZ23PNT1J7V7XA3Y34EWY','ps5-2',1760479381622,1760481667764,'ended',0,254.02000000000001,'2025-10-14 22:03:01','2025-10-14 22:03:01',NULL,0,'1v1');
INSERT INTO sessions VALUES('ses_01K7JCEERDM3XX2QPNE2YAY18R','ps4-2',1760479886093,1760479889470,'ended',0,0.190000000000000002,'2025-10-14 22:11:26','2025-10-14 22:11:26',NULL,0,'1v1');
INSERT INTO sessions VALUES('ses_01K7JD9A0G7GCDAA9BNV1913EQ','ps5-1',1760480765968,1760487528755,'ended',0,1127.1300000000001,'2025-10-14 22:26:05','2025-10-14 22:26:05',NULL,0,'2v2');
INSERT INTO sessions VALUES('ses_01K7JDV93F812VKB30K8WXZR8R','ps4-2',1760481354864,1760487903412,'ended',0,363.810000000000002,'2025-10-14 22:35:54','2025-10-14 22:35:54',NULL,0,'1v1');
INSERT INTO sessions VALUES('ses_01K7JEF72E5D0XV9S4MBMG1R2P','ps5-2',1760482008142,1760484984572,'ended',0,330.709999999999979,'2025-10-14 22:46:48','2025-10-14 22:46:48',NULL,0,'1v1');
INSERT INTO sessions VALUES('ses_01K7M3ZR9NYDJPH4TMW3VA7VPS','ps4-1',1760538124598,1760538154082,'ended',0,1.6399999999999999,'2025-10-15 14:22:04','2025-10-15 14:22:04',NULL,0,'1v1');
INSERT INTO sessions VALUES('ses_01K7ME25T3BH2HZV1BQ7S5K7CY','ps4-1',1760548689731,1760550905128,'ended',0,123.079999999999998,'2025-10-15 17:18:09','2025-10-15 17:18:09',NULL,0,'1v1');
INSERT INTO sessions VALUES('ses_01K7MFQYSJ66J38SX8SW5Y4MBN','ps5-2',1760550452019,1760552360423,'ended',0,212.039999999999992,'2025-10-15 17:47:32','2025-10-15 17:47:32',NULL,0,'1v1');
INSERT INTO sessions VALUES('ses_01K7MHHT8M22XNMYRR5T8AWHMX','ps4-1',1760552347924,1760565663038,'ended',0,739.730000000000018,'2025-10-15 18:19:07','2025-10-15 18:19:07',NULL,0,'1v1');
INSERT INTO sessions VALUES('ses_01K7MHJAPHN07W193KHW2V9ZDS','ps5-2',1760552364753,1760562962976,'ended',2251,1177.32999999999992,'2025-10-15 18:19:24','2025-10-15 18:19:24',NULL,0,'1v1');
INSERT INTO sessions VALUES('ses_01K7MHJKRJ6W9G0M1HWR80ZWPS','ps5-1',1760552374034,1760553465240,'ended',0,121.25,'2025-10-15 18:19:34','2025-10-15 18:19:34',NULL,0,'1v1');
INSERT INTO sessions VALUES('ses_01K7MJ3C7HHVYAG656KDBP8JHN','ps4-3',1760552923378,1760557263248,'ended',0,241.099999999999994,'2025-10-15 18:28:43','2025-10-15 18:28:43',NULL,0,'1v1');
INSERT INTO sessions VALUES('ses_01K7MNEZKJBGHMJ8JTR43HX5J0','ps4-2',1760556449394,1760561097742,'ended',387498,236.710000000000007,'2025-10-15 19:27:29','2025-10-15 19:27:29',NULL,0,'1v1');
INSERT INTO sessions VALUES('ses_01K7MPA0G2ZWAK671JTTJTGNBJ','ps4-3',1760557335042,1760561038078,'ended',0,205.719999999999998,'2025-10-15 19:42:15','2025-10-15 19:42:15',NULL,0,'1v1');
INSERT INTO sessions VALUES('ses_01K7MT0X7RJ7C8M00PX5MFPAE9','ps4-2',1760561231096,1760563799078,'ended',0,142.669999999999987,'2025-10-15 20:47:11','2025-10-15 20:47:11',NULL,0,'1v1');
INSERT INTO sessions VALUES('ses_01K7MT0ZT8Y7E8QXBXVFRTJGGJ','ps4-3',1760561233737,1760571580278,'ended',7569,574.389999999999986,'2025-10-15 20:47:13','2025-10-15 20:47:13',NULL,0,'1v1');
INSERT INTO sessions VALUES('ses_01K7MV9CP99J3JYX0XH7S4F63C','ps5-1',1760562557641,1760575387930,'ended',213763,1401.83999999999991,'2025-10-15 21:09:17','2025-10-15 21:09:17',NULL,0,'1v1');
INSERT INTO sessions VALUES('ses_01K7MYE90G0PPZGKX8S3GD2SBF','ps5-2',1760565863440,1760573408995,'ended',0,838.399999999999977,'2025-10-15 22:04:23','2025-10-15 22:04:23',NULL,0,'1v1');
INSERT INTO sessions VALUES('ses_01K7Q3T3JPY9REBZNH8MA6FEM7','ps4-1',1760638602839,1760642632513,'ended',0,223.870000000000004,'2025-10-16 18:16:42','2025-10-16 18:16:42',NULL,0,'1v1');
INSERT INTO sessions VALUES('ses_01K7Q4VYRJ965PTK7SW6DEC2S3','ps4-2',1760639712018,1760643471925,'ended',1715170,113.599999999999994,'2025-10-16 18:35:12','2025-10-16 18:35:12',NULL,0,'1v1');
INSERT INTO sessions VALUES('ses_01K7QEWA6C5BNJGB4NKC3J9MDR','ps4-3',1760650209484,1760663037534,'ended',0,712.669999999999959,'2025-10-16 21:30:09','2025-10-16 21:30:09',NULL,0,'1v1');
INSERT INTO sessions VALUES('ses_01K7QEYT5D22CAD1N2YS55W9K6','ps4-1',1760650291373,1760655922374,'ended',0,312.829999999999984,'2025-10-16 21:31:31','2025-10-16 21:31:31',NULL,0,'1v1');
INSERT INTO sessions VALUES('ses_01K7QFDEZPJDJD35A5R99JN8RX','ps5-2',1760650771446,1760654647251,'ended',3833968,4.65000000000000035,'2025-10-16 21:39:31','2025-10-16 21:39:31',NULL,0,'1v1');
INSERT INTO sessions VALUES('ses_01K7QFDH0MXN5XAKT27YXRKPBX','ps4-2',1760650773524,1760652700372,'ended',0,107.049999999999997,'2025-10-16 21:39:33','2025-10-16 21:39:33',NULL,0,'1v1');
INSERT INTO sessions VALUES('ses_01K7QFJ7DXYFBR71BNT0N8HCX1','ps5-1',1760650927549,1760654609093,'ended',0,409.060000000000002,'2025-10-16 21:42:07','2025-10-16 21:42:07',NULL,0,'1v1');
INSERT INTO sessions VALUES('ses_01K7QK5Y1ZN42PFQ0QB4XD42HA','ps5-2',1760654719039,1760657624620,'ended',0,322.839999999999975,'2025-10-16 22:45:19','2025-10-16 22:45:19',NULL,0,'1v1');
INSERT INTO sessions VALUES('ses_01K7QM4E6D78QX7DJJ1Q1PP2SV','ps5-1',1760655718605,1760661914307,'ended',0,688.409999999999968,'2025-10-16 23:01:58','2025-10-16 23:01:58',NULL,0,'1v1');
INSERT INTO sessions VALUES('ses_01K7QNZ83PB869XRJCQRG8JZXY','ps5-2',1760657645686,1760657648931,'ended',0,0.359999999999999986,'2025-10-16 23:34:05','2025-10-16 23:34:05',NULL,0,'1v1');
INSERT INTO sessions VALUES('ses_01K7SESWQFY8CD9QAYRZQDHYXE','ps5-2',1760717239024,1760725328245,'ended',0,898.799999999999954,'2025-10-17 16:07:19','2025-10-17 16:07:19',NULL,0,'1v1');
INSERT INTO sessions VALUES('ses_01K7SET0XW0HFSCJJDXSGGWFKJ','ps4-2',1760717243324,1760722325302,'ended',0,282.329999999999984,'2025-10-17 16:07:23','2025-10-17 16:07:23',NULL,0,'1v1');
INSERT INTO sessions VALUES('ses_01K7SET1JKSS837FSWY2SHSDV4','ps4-3',1760717243987,1760722215884,'ended',0,276.220000000000027,'2025-10-17 16:07:23','2025-10-17 16:07:23',NULL,0,'1v1');
INSERT INTO sessions VALUES('ses_01K7SHZ25D8ME4SCMS94AMB4N6','ps4-1',1760720554157,1760730605383,'ended',0,558.399999999999977,'2025-10-17 17:02:34','2025-10-17 17:02:34',NULL,0,'1v1');
INSERT INTO sessions VALUES('ses_01K7SJQ4SDXPE0Q28MFV1VNTZK','ps5-1',1760721343277,1760724471132,'ended',333928,310.439999999999997,'2025-10-17 17:15:43','2025-10-17 17:15:43',NULL,0,'1v1');
INSERT INTO sessions VALUES('ses_01K7SKHW2P5EV89G55A4MWZK2J','ps4-3',1760722219095,1760724812788,'ended',0,144.090000000000003,'2025-10-17 17:30:19','2025-10-17 17:30:19',NULL,0,'1v1');
INSERT INTO sessions VALUES('ses_01K7SN08XGBC9T2A23J0S2E50E','ps4-2',1760723739568,1760726840124,'ended',0,172.25,'2025-10-17 17:55:39','2025-10-17 17:55:39',NULL,0,'1v1');
INSERT INTO sessions VALUES('ses_01K7SP2N0XVS2EE78X29GQV574','ps4-3',1760724866077,1760727105412,'ended',0,124.409999999999996,'2025-10-17 18:14:26','2025-10-17 18:14:26',NULL,0,'1v1');
INSERT INTO sessions VALUES('ses_01K7SPGVMDAK1JJXT7C5NK4VJ2','ps5-2',1760725331598,1760738087131,'ended',0,1417.27999999999997,'2025-10-17 18:22:11','2025-10-17 18:22:11',NULL,0,'1v1');
INSERT INTO sessions VALUES('ses_01K7SQYNJR9KW2S0Y2ZJ174JQD','ps5-1',1760726832729,1760726957532,'ended',0,13.8699999999999992,'2025-10-17 18:47:12','2025-10-17 18:47:12',NULL,0,'1v1');
INSERT INTO sessions VALUES('ses_01K7SR2M5DS0T3SHAKG2Q63CB0','ps5-1',1760726962350,1760734780975,'ended',0,1303.0999999999999,'2025-10-17 18:49:22','2025-10-17 18:49:22',NULL,0,'2v2');
INSERT INTO sessions VALUES('ses_01K7SR6R6E0Y44VPT9QPHDJ7JK','ps4-2',1760727097550,1760733516654,'ended',214505,344.699999999999988,'2025-10-17 18:51:37','2025-10-17 18:51:37',NULL,0,'1v1');
INSERT INTO sessions VALUES('ses_01K7SR733CT50S3K9SDVP3NRXY','ps4-3',1760727108716,1760734026541,'ended',0,384.319999999999993,'2025-10-17 18:51:48','2025-10-17 18:51:48',NULL,0,'1v1');
INSERT INTO sessions VALUES('ses_01K7SVJ0QZQY14EP0HX5BPAPWS','ps4-1',1760730612479,1760733948614,'ended',76529,217.310000000000002,'2025-10-17 19:50:12','2025-10-17 19:50:12',NULL,0,'2v2');
INSERT INTO sessions VALUES('ses_01K7SYAWCQ1D7MWJP07B09K4KP','ps4-2',1760733524375,1760736593006,'ended',0,170.479999999999989,'2025-10-17 20:38:44','2025-10-17 20:38:44',NULL,0,'1v1');
INSERT INTO sessions VALUES('ses_01K7SYTBRZPY3YZ77DZJQMA1VY','ps4-3',1760734031647,1760886571611,'ended',0,8474.4400000000005,'2025-10-17 20:47:11','2025-10-17 20:47:11',NULL,0,'1v1');
INSERT INTO sessions VALUES('ses_01K7T32MNAB1PH56RQC1NCSXNV','ps4-1',1760738497194,1760743300832,'ended',0,266.870000000000004,'2025-10-17 22:01:37','2025-10-17 22:01:37',NULL,0,'1v1');
INSERT INTO sessions VALUES('ses_01K7T4ZCEH6YT4MZGZSS13W87Y','ps5-2',1760740487633,1760886561086,'ended',0,16230.3799999999992,'2025-10-17 22:34:47','2025-10-17 22:34:47',NULL,0,'1v1');
INSERT INTO sessions VALUES('ses_01K7T5TD5QFRB888E5TQ8AZSHN','ps4-2',1760741373111,1760886363699,'ended',0,8055.02999999999974,'2025-10-17 22:49:33','2025-10-17 22:49:33',NULL,0,'1v1');
CREATE TABLE `session_items` (`id` integer not null primary key autoincrement, `session_id` varchar(255), `product_id` varchar(255), `quantity` integer not null, `unit_price` float not null, `subtotal` float not null, `created_at` datetime not null default CURRENT_TIMESTAMP, `updated_at` datetime not null default CURRENT_TIMESTAMP, foreign key(`session_id`) references `sessions`(`id`) on delete CASCADE, foreign key(`product_id`) references `products`(`id`) on delete SET NULL);
INSERT INTO session_items VALUES(17,'ses_01K7J59B5FEESQ7W6PGP104Q82','01K7J8JJBWEM9S25DJ831BBZFW',1,50.0,50.0,1760478490830,1760478490830);
INSERT INTO session_items VALUES(18,'ses_01K7J59B5FEESQ7W6PGP104Q82','01K7J632T3E02D9068JGR63WZK',1,120.0,120.0,1760478504741,1760478504741);
INSERT INTO session_items VALUES(19,'ses_01K7JBN6W7GFDCJNF4AJ29GBE6','01K7J632T3E02D9068JGR63WZK',1,120.0,120.0,1760482555869,1760482555869);
INSERT INTO session_items VALUES(20,'ses_01K7JBN6W7GFDCJNF4AJ29GBE6','01K7J8JJBWEM9S25DJ831BBZFW',1,50.0,50.0,1760482669253,1760482669253);
INSERT INTO session_items VALUES(21,'ses_01K7JBN6W7GFDCJNF4AJ29GBE6','01K7J9F1NNKZ8RGDGTP31KN5TY',1,60.0,60.0,1760483161053,1760483161053);
INSERT INTO session_items VALUES(22,'ses_01K7JBN6W7GFDCJNF4AJ29GBE6','01K7J8RQXMDE4FQVYG59GXRD6K',1,60.0,60.0,1760483175270,1760483175270);
INSERT INTO session_items VALUES(23,'ses_01K7JBN6W7GFDCJNF4AJ29GBE6','01K7J8RQXMDE4FQVYG59GXRD6K',2,60.0,120.0,1760484058462,1760484058462);
INSERT INTO session_items VALUES(24,'ses_01K7JBN6W7GFDCJNF4AJ29GBE6','01K7JAZKDWJMXJEXBKHMCP0HRW',1,50.0,50.0,1760484118030,1760484118030);
INSERT INTO session_items VALUES(25,'ses_01K7JBN6W7GFDCJNF4AJ29GBE6','01K7J8X93WVP81100VWQ5SQW0B',1,60.0,60.0,1760484152535,1760484152535);
INSERT INTO session_items VALUES(26,'ses_01K7JBN6W7GFDCJNF4AJ29GBE6','01K7J8PYHW01S6WBSE9GAB3NW8',1,60.0,60.0,1760484287325,1760484287325);
INSERT INTO session_items VALUES(27,'ses_01K7JBN6W7GFDCJNF4AJ29GBE6','01K7J8PYHW01S6WBSE9GAB3NW8',1,60.0,60.0,1760484330325,1760484330325);
INSERT INTO session_items VALUES(28,'ses_01K7JEF72E5D0XV9S4MBMG1R2P','01K7J8RQXMDE4FQVYG59GXRD6K',1,60.0,60.0,1760484983152,1760484983152);
INSERT INTO session_items VALUES(29,'ses_01K7MHJKRJ6W9G0M1HWR80ZWPS','01K7JCZE1JP8N012BZKHKEW8VC',2,60.0,120.0,1760552985895,1760552985895);
INSERT INTO session_items VALUES(30,'ses_01K7MPA0G2ZWAK671JTTJTGNBJ','01K7JCZE1JP8N012BZKHKEW8VC',2,60.0,120.0,1760561027351,1760561027351);
INSERT INTO session_items VALUES(31,'ses_01K7T5TD5QFRB888E5TQ8AZSHN','01K7J5XJCKK2E8KFRXWGJSJ50D',1,80.0,80.0,1760886361760,1760886361760);
CREATE TABLE `products` (`id` varchar(255), `name` varchar(255) not null, `category` varchar(255) not null, `price` float not null, `cost` float not null, `stock` integer not null default '0', `low_stock_threshold` integer not null default '10', `barcode` varchar(255), `created_at` datetime not null default CURRENT_TIMESTAMP, `updated_at` datetime not null default CURRENT_TIMESTAMP, `description` text null, primary key (`id`));
INSERT INTO products VALUES('01K7J5MJKMCBG6F4MPN6B5QNTD','Schweppes','drinks',70.0,55.0,20,5,NULL,'2025-10-14 20:12:26',1760473839883,NULL);
INSERT INTO products VALUES('01K7J5TTRW9X2V4MNTB8ZR72C1','IZEM','drinks',80.0,50.0,90,10,NULL,'2025-10-14 20:15:51',1760473507427,NULL);
INSERT INTO products VALUES('01K7J5XJCKK2E8KFRXWGJSJ50D','IZEM Jus','drinks',80.0,59.0,21,10,NULL,'2025-10-14 20:17:21','2025-10-14 20:17:21',NULL);
INSERT INTO products VALUES('01K7J632T3E02D9068JGR63WZK','Coca Cola 1L','drinks',120.0,95.0,16,5,NULL,'2025-10-14 20:20:21',1760473308652,NULL);
INSERT INTO products VALUES('01K7J64XJMYQ061S4APCMDW1NY','Moment','snacks',250.0,230.0,3,1,NULL,'2025-10-14 20:21:22','2025-10-14 20:21:22',NULL);
INSERT INTO products VALUES('01K7J69TBWSQ943JZZ9BMDPAX3','Jus ifruit','drinks',60.0,44.0,65,10,NULL,'2025-10-14 20:24:02',1760479170708,NULL);
INSERT INTO products VALUES('01K7J6HX8VC2EPCXKKC0FES6N5','Jus Rouiba','drinks',30.0,23.0,46,10,NULL,'2025-10-14 20:28:27',1760638129195,NULL);
INSERT INTO products VALUES('01K7J6MWY3PHEY8TYJQ9TQGF91','Jus Daily','drinks',30.0,17.0,20,10,NULL,'2025-10-14 20:30:05',1760639049347,NULL);
INSERT INTO products VALUES('01K7J6YKA3584FXHQD08K5DMND','IZEM Canette','drinks',90.0,70.0,32,10,NULL,'2025-10-14 20:35:23','2025-10-14 20:35:23',NULL);
INSERT INTO products VALUES('01K7J7040M2Y8DSS73SGF1VA6V','Schweppes Canette','drinks',90.0,70.0,14,5,NULL,'2025-10-14 20:36:13',1760474352259,NULL);
INSERT INTO products VALUES('01K7J74NZWRGJ7V5HSCEDADEYR','Cocal Cola Canette (33cl)','drinks',90.0,77.0,16,10,NULL,'2025-10-14 20:38:42','2025-10-14 20:38:42',NULL);
INSERT INTO products VALUES('01K7J77NBC7MM1S7CBMXGFC1V3','Slim et Hamoud','drinks',80.0,50.0,23,10,NULL,'2025-10-14 20:40:20','2025-10-14 20:40:20',NULL);
INSERT INTO products VALUES('01K7J7A4C59Q47PAWGH7NEWHYA','Ramy canette','drinks',80.0,45.0,29,10,NULL,'2025-10-14 20:41:41','2025-10-14 20:41:41',NULL);
INSERT INTO products VALUES('01K7J7CJXMPQN5ZRVJWBN93SC4','Ramy Milk','drinks',80.0,50.0,3,5,NULL,'2025-10-14 20:43:01','2025-10-14 20:43:01',NULL);
INSERT INTO products VALUES('01K7J7THSBG4G9802964N5J1V0','Chips Mahboul Grand','drinks',60.0,50.0,26,15,NULL,'2025-10-14 20:50:39',1760639031465,NULL);
INSERT INTO products VALUES('01K7J80A3DEZTQT4FV2JFKFJ9V','Chips Master sghir','snacks',30.0,17.0,35,10,NULL,'2025-10-14 20:53:48','2025-10-14 20:53:48',NULL);
INSERT INTO products VALUES('01K7J85C4WTT6AEYJDAEW37YWK','Chips Master Sombrero','snacks',60.0,50.0,29,10,NULL,'2025-10-14 20:56:34','2025-10-14 20:56:34',NULL);
INSERT INTO products VALUES('01K7J88S84RZ6H2CRAWYM50J2K','Chips Master Balls ','snacks',60.0,50.0,37,10,NULL,'2025-10-14 20:58:25',1760638594835,NULL);
INSERT INTO products VALUES('01K7J8A7NCB4HW5DE4ZPBRB4EX','Chips Master Grand','snacks',120.0,100.0,11,5,NULL,'2025-10-14 20:59:13','2025-10-14 20:59:13',NULL);
INSERT INTO products VALUES('01K7J8D87VTQ10P176AJ83BYA0','Mama Mia','snacks',50.0,42.5,59,15,NULL,'2025-10-14 21:00:52',1760476285660,NULL);
INSERT INTO products VALUES('01K7J8JJBWEM9S25DJ831BBZFW','Gaufrette Maxon Small','snacks',50.0,45.0,87,20,NULL,'2025-10-14 21:03:46','2025-10-14 21:03:46',NULL);
INSERT INTO products VALUES('01K7J8PYHW01S6WBSE9GAB3NW8','Chips Master Balls (Ketchup)','snacks',60.0,50.0,11,5,NULL,'2025-10-14 21:06:10',1760638589131,NULL);
INSERT INTO products VALUES('01K7J8RQXMDE4FQVYG59GXRD6K','Chips Master (Chilli Lemon)','snacks',60.0,50.0,3,10,NULL,'2025-10-14 21:07:08',1760639009587,NULL);
INSERT INTO products VALUES('01K7J8V2TMX4G4TNQG7MS57HJX','Chips Rifkus Ketchup','snacks',70.0,53.0,12,5,NULL,'2025-10-14 21:08:25','2025-10-14 21:08:25',NULL);
INSERT INTO products VALUES('01K7J8X93WVP81100VWQ5SQW0B','Chips Master Balls (Harrissa and Cheese)','snacks',60.0,50.0,3,10,NULL,'2025-10-14 21:09:37',1760639020250,NULL);
INSERT INTO products VALUES('01K7J8YCJCB59V8VGJM9679KF8','Chips Rifkus Pizza','snacks',70.0,53.0,12,10,NULL,'2025-10-14 21:10:13',1760638561924,NULL);
INSERT INTO products VALUES('01K7J91FDBQ7XZVMCCM00FXJFW','Chips Rifkus Three Cheese','snacks',70.0,53.0,12,10,NULL,'2025-10-14 21:11:55',1760638577787,NULL);
INSERT INTO products VALUES('01K7J92A7CPHC45Q7TNK86QQ97','Chips Rifkus Onion and Spices','snacks',70.0,53.0,15,10,NULL,'2025-10-14 21:12:22',1760638571016,NULL);
INSERT INTO products VALUES('01K7J98BM53W6WM9CWHPD6BW5Y','Maxon Cookies ','snacks',120.0,105.0,3,1,NULL,'2025-10-14 21:15:40','2025-10-14 21:15:40',NULL);
INSERT INTO products VALUES('01K7J996G48879CDBPD10KXGT4','Bimo Cookies','snacks',120.0,105.0,4,2,NULL,'2025-10-14 21:16:08','2025-10-14 21:16:08',NULL);
INSERT INTO products VALUES('01K7J9A17M4TXGJ11KNCWD71GD','Kool Cookies ','snacks',150.0,130.0,6,3,NULL,'2025-10-14 21:16:35','2025-10-14 21:16:35',NULL);
INSERT INTO products VALUES('01K7J9C8XCRK96B0VXYD87ES6B','MAxon Gaufrette Grand','snacks',150.0,125.0,7,5,NULL,'2025-10-14 21:17:48','2025-10-14 21:17:48',NULL);
INSERT INTO products VALUES('01K7J9F1NNKZ8RGDGTP31KN5TY','Kool (X8)','snacks',60.0,50.0,18,10,NULL,'2025-10-14 21:19:19','2025-10-14 21:19:19',NULL);
INSERT INTO products VALUES('01K7J9J73X58S1N6HPWCHBBAN9','Maxon Oreo (X8)','snacks',60.0,50.0,20,10,NULL,'2025-10-14 21:21:03','2025-10-14 21:21:03',NULL);
INSERT INTO products VALUES('01K7J9MSA417BF5A4ZH531T1HG','Maxon Oreo (X4)','snacks',30.0,25.0,35,10,NULL,'2025-10-14 21:22:27','2025-10-14 21:22:27',NULL);
INSERT INTO products VALUES('01K7J9Q384B66RR7FSDXPXC6SG','Kool (x4)','snacks',30.0,25.0,19,10,NULL,'2025-10-14 21:23:43','2025-10-14 21:23:43',NULL);
INSERT INTO products VALUES('01K7J9XPZ5R300B0FQSSJ6R5NV','Celebrity','snacks',50.0,45.0,27,10,NULL,'2025-10-14 21:27:20','2025-10-14 21:27:20',NULL);
INSERT INTO products VALUES('01K7JAB805V3X0HR55SQ6WHR0W','Kool 4 Winners','snacks',70.0,50.0,29,10,NULL,'2025-10-14 21:34:43','2025-10-14 21:34:43',NULL);
INSERT INTO products VALUES('01K7JAT3S4D87RKZH12GYFV2B8','Eau Messerghine (1.5L)','drinks',50.0,30.0,80,20,NULL,'2025-10-14 21:42:50',1760479195676,NULL);
INSERT INTO products VALUES('01K7JAZKDWJMXJEXBKHMCP0HRW','Eau Guedila (1.5L)','drinks',50.0,32.0,88,10,NULL,'2025-10-14 21:45:50',1760479120372,NULL);
INSERT INTO products VALUES('01K7JB1N9VC1KC9SG25EEMSZ1K','Eau Bouglez (1.5L)','drinks',50.0,34.0,32,10,NULL,'2025-10-14 21:46:58',1760479104939,NULL);
INSERT INTO products VALUES('01K7JBGZ8KY6VZQ94D0N3CY68E','Eau Bouglez (0.5L)','drinks',30.0,17.0,22,10,NULL,'2025-10-14 21:55:19',1760479095274,NULL);
INSERT INTO products VALUES('01K7JBKCJMKHVYG1Q2BPB3WEZR','Eau Ichemoul (0.5L)','drinks',30.0,16.0,8,10,NULL,'2025-10-14 21:56:39',1760479139605,NULL);
INSERT INTO products VALUES('01K7JBM6XBP0VNRE8MHTMZGQYX','Eau Ifri (0.5L)','drinks',30.0,16.0,13,10,NULL,'2025-10-14 21:57:06',1760479183588,NULL);
INSERT INTO products VALUES('01K7JC2HX4V0KDNA78M82BC6F4','Brino Bifa','snacks',30.0,25.0,14,10,NULL,'2025-10-14 22:04:56',1760639068504,NULL);
INSERT INTO products VALUES('01K7JC3XJVCB051QBPAGMY0T5V','Cherchel','snacks',30.0,25.0,25,10,NULL,'2025-10-14 22:05:40','2025-10-14 22:05:40',NULL);
INSERT INTO products VALUES('01K7JC6JQVVZ3Y1146CZYB0P3E','Browney','snacks',40.0,35.0,16,10,NULL,'2025-10-14 22:07:08','2025-10-14 22:07:08',NULL);
INSERT INTO products VALUES('01K7JC7S8C5NR2RH1QNHVW0V21','Snow Ball','snacks',40.0,35.0,20,10,NULL,'2025-10-14 22:07:47','2025-10-14 22:07:47',NULL);
INSERT INTO products VALUES('01K7JCB3RCNJR0993HRRYN582G','Madlenne Bifa','snacks',30.0,26.0,18,10,NULL,'2025-10-14 22:09:36','2025-10-14 22:09:36',NULL);
INSERT INTO products VALUES('01K7JCZE1JP8N012BZKHKEW8VC','Pizza','snacks',60.0,34.0,13,10,NULL,'2025-10-14 22:20:42',1760725314195,NULL);
CREATE TABLE `users` (`id` integer not null primary key autoincrement, `username` varchar(255) not null, `password_hash` varchar(255) not null, `created_at` datetime not null default CURRENT_TIMESTAMP, `updated_at` datetime not null default CURRENT_TIMESTAMP);
INSERT INTO users VALUES(1,'oumezianefares@gmail.com','$2b$10$5j2Aax3Sd0BSn5wXQJPo8Oysv8badAUmzU/XdzbXjhabJBzPitcvu','2025-10-01 02:14:42','2025-10-01 02:14:42');
CREATE TABLE `receipts` (`id` varchar(255), `subtotal` float not null, `tax` float not null, `total` float not null, `payment_method` varchar(255) not null, `session_id` varchar(255) null, `created_at` datetime not null default CURRENT_TIMESTAMP, `updated_at` datetime not null default CURRENT_TIMESTAMP, `manual_console_price` float null, `calculated_console_price` float null, gaming_mode VARCHAR(10) DEFAULT '1v1', `base_hourly_rate` float null, `hourly_rate_2v2` float null, foreign key(`session_id`) references `sessions`(`id`) on delete SET NULL, primary key (`id`));
INSERT INTO receipts VALUES('rec_01K7FP5E6TK54Z05KJPKY1YP8P',120.0,0.0,120.0,'cash','ses_01K7FP4WR4S9V1DRDZ2A5PCKPD','2025-10-13 21:03:33','2025-10-13 21:03:33',120.0,1.11000000000000009,'2v2',350.0,450.0);
INSERT INTO receipts VALUES('rec_01K7J5YEHMQ42J9HZ2WJ7VYQ7H',70.0,0.0,70.0,'cash',NULL,'2025-10-14 20:17:50','2025-10-14 20:17:50',NULL,NULL,NULL,NULL,NULL);
INSERT INTO receipts VALUES('rec_01K7JADQ087HB9VD9R015DF6E2',90.0,0.0,90.0,'cash',NULL,'2025-10-14 21:36:04','2025-10-14 21:36:04',NULL,NULL,NULL,NULL,NULL);
INSERT INTO receipts VALUES('rec_01K7JAGFN0P92GWDAVMFP5D1S3',300.139999999999986,0.0,300.139999999999986,'cash','ses_01K7J59V56Y9X5JC7JV0D8H352','2025-10-14 21:37:35','2025-10-14 21:37:35',NULL,300.139999999999986,'1v1',200.0,240.0);
INSERT INTO receipts VALUES('rec_01K7JB5YT3SP0RZS8SF2BC5CYH',60.0,0.0,60.0,'cash',NULL,'2025-10-14 21:49:19','2025-10-14 21:49:19',NULL,NULL,NULL,NULL,NULL);
INSERT INTO receipts VALUES('rec_01K7JBBFE2CHAMRCFDA15C4ZPN',50.0,0.0,50.0,'cash',NULL,'2025-10-14 21:52:19','2025-10-14 21:52:19',NULL,NULL,NULL,NULL,NULL);
INSERT INTO receipts VALUES('rec_01K7JCC0AJFE2JEFR8FWHQJKJS',50.0,0.0,50.0,'cash',NULL,'2025-10-14 22:10:05','2025-10-14 22:10:05',NULL,NULL,NULL,NULL,NULL);
INSERT INTO receipts VALUES('rec_01K7JE5PEGGXBZ1JB9ZCS45MXY',254.02000000000001,0.0,254.02000000000001,'cash','ses_01K7JBZ23PNT1J7V7XA3Y34EWY','2025-10-14 22:41:36','2025-10-14 22:41:36',NULL,254.02000000000001,'1v1',400.0,600.0);
INSERT INTO receipts VALUES('rec_01K7JEM3VVS1K2FVB82YMRVV49',60.0,0.0,60.0,'cash',NULL,'2025-10-14 22:49:28','2025-10-14 22:49:28',NULL,NULL,NULL,NULL,NULL);
INSERT INTO receipts VALUES('rec_01K7JES9QJKAK7542X916HSW9X',718.0,0.0,718.0,'cash','ses_01K7J59B5FEESQ7W6PGP104Q82','2025-10-14 22:52:18','2025-10-14 22:52:18',NULL,548.0,'1v1',200.0,240.0);
INSERT INTO receipts VALUES('rec_01K7JFBAZ3KXK7VV3P9X9D5EZN',50.0,0.0,50.0,'cash',NULL,'2025-10-14 23:02:09','2025-10-14 23:02:09',NULL,NULL,NULL,NULL,NULL);
INSERT INTO receipts VALUES('rec_01K7JGN3T3EX2063VFPF9CNMCZ',30.0,0.0,30.0,'cash',NULL,'2025-10-14 23:24:58','2025-10-14 23:24:58',NULL,NULL,NULL,NULL,NULL);
INSERT INTO receipts VALUES('rec_01K7JGZQQ7M67R9CCQJ6M2TQZ2',1623.46000000000003,0.0,1623.46000000000003,'cash','ses_01K7JBN6W7GFDCJNF4AJ29GBE6','2025-10-14 23:30:46','2025-10-14 23:30:46',NULL,343.459999999999979,'2v2',200.0,240.0);
INSERT INTO receipts VALUES('rec_01K7JHBB0CY5FTTS228CTJ5ER0',450.709999999999979,0.0,450.709999999999979,'cash','ses_01K7JEF72E5D0XV9S4MBMG1R2P','2025-10-14 23:37:06','2025-10-14 23:37:06',NULL,330.709999999999979,'1v1',400.0,600.0);
INSERT INTO receipts VALUES('rec_01K7JKS62XVJ2TZZMAHE6KF23H',1127.1300000000001,0.0,1127.1300000000001,'cash','ses_01K7JD9A0G7GCDAA9BNV1913EQ','2025-10-15 00:19:37','2025-10-15 00:19:37',NULL,1127.1300000000001,'2v2',400.0,600.0);
INSERT INTO receipts VALUES('rec_01K7JKZJ78QFGQSN66YCJ4VZJ8',120.0,0.0,120.0,'cash',NULL,'2025-10-15 00:23:06','2025-10-15 00:23:06',NULL,NULL,NULL,NULL,NULL);
INSERT INTO receipts VALUES('rec_01K7JM44MGVA5GV53JKM0QK6GA',363.810000000000002,0.0,363.810000000000002,'cash','ses_01K7JDV93F812VKB30K8WXZR8R','2025-10-15 00:25:36','2025-10-15 00:25:36',NULL,363.810000000000002,'1v1',200.0,240.0);
INSERT INTO receipts VALUES('rec_01K7M41VANZAE30F1XYK36F87J',1.6399999999999999,0.0,1.6399999999999999,'cash','ses_01K7M3ZR9NYDJPH4TMW3VA7VPS','2025-10-15 14:23:13','2025-10-15 14:23:13',NULL,1.6399999999999999,'1v1',200.0,240.0);
INSERT INTO receipts VALUES('rec_01K7M80QQ33S5M5YVVRC8S57XC',50.0,0.0,50.0,'cash',NULL,'2025-10-15 15:32:31','2025-10-15 15:32:31',NULL,NULL,NULL,NULL,NULL);
INSERT INTO receipts VALUES('rec_01K7MBTP2X0F0Y4YZAXBTPRA53',170.0,0.0,170.0,'cash',NULL,'2025-10-15 16:39:07','2025-10-15 16:39:07',NULL,NULL,NULL,NULL,NULL);
INSERT INTO receipts VALUES('rec_01K7MHKR7W7W57MFS93SH2RVAN',780.0,0.0,780.0,'cash',NULL,'2025-10-15 18:20:11','2025-10-15 18:20:11',NULL,NULL,NULL,NULL,NULL);
INSERT INTO receipts VALUES('rec_01K7MJ0D772FTFBDG1G8HNS8Q9',420.0,0.0,420.0,'cash',NULL,'2025-10-15 18:27:06','2025-10-15 18:27:06',NULL,NULL,NULL,NULL,NULL);
INSERT INTO receipts VALUES('rec_01K7MJ28YXBMQQP6MAFKGBK9BM',420.0,0.0,420.0,'cash',NULL,'2025-10-15 18:28:07','2025-10-15 18:28:07',NULL,NULL,NULL,NULL,NULL);
INSERT INTO receipts VALUES('rec_01K7MJ2WYCVAE69YF1PB1VAQCK',30.0,0.0,30.0,'cash',NULL,'2025-10-15 18:28:27','2025-10-15 18:28:27',NULL,NULL,NULL,NULL,NULL);
INSERT INTO receipts VALUES('rec_01K7MJHK11ZJE6GS5GA04DSBCY',70.0,0.0,70.0,'cash',NULL,'2025-10-15 18:36:29','2025-10-15 18:36:29',NULL,NULL,NULL,NULL,NULL);
INSERT INTO receipts VALUES('rec_01K7MJPV454W78EAH9XZD9Y7WS',481.25,0.0,481.25,'cash','ses_01K7MHJKRJ6W9G0M1HWR80ZWPS','2025-10-15 18:39:21','2025-10-15 18:39:21',NULL,121.25,'1v1',400.0,600.0);
INSERT INTO receipts VALUES('rec_01K7MJS6TGEMP0WBDBFY0B16C4',60.0,0.0,60.0,'cash',NULL,'2025-10-15 18:40:38','2025-10-15 18:40:38',NULL,NULL,NULL,NULL,NULL);
INSERT INTO receipts VALUES('rec_01K7MJZ1R9NS3XBTPB7YJAHVCK',120.0,0.0,120.0,'cash',NULL,'2025-10-15 18:43:50','2025-10-15 18:43:50',NULL,NULL,NULL,NULL,NULL);
INSERT INTO receipts VALUES('rec_01K7MK3JCX36APV002BENECH5S',80.0,0.0,80.0,'cash',NULL,'2025-10-15 18:46:18','2025-10-15 18:46:18',NULL,NULL,NULL,NULL,NULL);
INSERT INTO receipts VALUES('rec_01K7MP972RT7N3KVVWH2CS1C3R',241.099999999999994,0.0,241.099999999999994,'cash','ses_01K7MJ3C7HHVYAG656KDBP8JHN','2025-10-15 19:41:49','2025-10-15 19:41:49',NULL,241.099999999999994,'1v1',200.0,240.0);
INSERT INTO receipts VALUES('rec_01K7MS8Q8XB2D11JVV7PDE62P7',50.0,0.0,50.0,'cash',NULL,'2025-10-15 20:33:58','2025-10-15 20:33:58',NULL,NULL,NULL,NULL,NULL);
INSERT INTO receipts VALUES('rec_01K7MSVPF5TZ9W8K81PPE19HHV',445.720000000000027,0.0,445.720000000000027,'cash','ses_01K7MPA0G2ZWAK671JTTJTGNBJ','2025-10-15 20:44:20','2025-10-15 20:44:20',NULL,205.719999999999998,'1v1',200.0,240.0);
INSERT INTO receipts VALUES('rec_01K7MSX8WFMXYWZXW7HZRF01NK',236.710000000000007,0.0,236.710000000000007,'cash','ses_01K7MNEZKJBGHMJ8JTR43HX5J0','2025-10-15 20:45:11','2025-10-15 20:45:11',NULL,236.710000000000007,'1v1',200.0,240.0);
INSERT INTO receipts VALUES('rec_01K7MV47CXP65B8NX8TXRS02BC',60.0,0.0,60.0,'cash',NULL,'2025-10-15 21:06:28','2025-10-15 21:06:28',NULL,NULL,NULL,NULL,NULL);
INSERT INTO receipts VALUES('rec_01K7MVRZPQJE61ZXZS6ZVQE7AS',1227.32999999999992,0.0,1227.32999999999992,'cash','ses_01K7MHJAPHN07W193KHW2V9ZDS','2025-10-15 21:17:48','2025-10-15 21:17:48',NULL,1177.32999999999992,'1v1',400.0,600.0);
INSERT INTO receipts VALUES('rec_01K7MWFGRTEMNPC2J7515RQJZR',142.669999999999987,0.0,142.669999999999987,'cash','ses_01K7MT0X7RJ7C8M00PX5MFPAE9','2025-10-15 21:30:07','2025-10-15 21:30:07',NULL,142.669999999999987,'1v1',200.0,240.0);
INSERT INTO receipts VALUES('rec_01K7MX8WYWRRBDGDZ88V1GXJPN',90.0,0.0,90.0,'cash',NULL,'2025-10-15 21:43:58','2025-10-15 21:43:58',NULL,NULL,NULL,NULL,NULL);
INSERT INTO receipts VALUES('rec_01K7MXEEQWWKN8699Q9A7HVEGE',30.0,0.0,30.0,'cash',NULL,'2025-10-15 21:47:00','2025-10-15 21:47:00',NULL,NULL,NULL,NULL,NULL);
INSERT INTO receipts VALUES('rec_01K7MXGSP3SBZTWF4D6H0008DP',50.0,0.0,50.0,'cash',NULL,'2025-10-15 21:48:17','2025-10-15 21:48:17',NULL,NULL,NULL,NULL,NULL);
INSERT INTO receipts VALUES('rec_01K7MY3F895D7SGXDARC6EA8CP',80.0,0.0,80.0,'cash',NULL,'2025-10-15 21:58:29','2025-10-15 21:58:29',NULL,NULL,NULL,NULL,NULL);
INSERT INTO receipts VALUES('rec_01K7MY8PVAKJGMXVEZ26EQ7V6W',739.730000000000018,0.0,739.730000000000018,'cash','ses_01K7MHHT8M22XNMYRR5T8AWHMX','2025-10-15 22:01:21','2025-10-15 22:01:21',NULL,739.730000000000018,'1v1',200.0,240.0);
INSERT INTO receipts VALUES('rec_01K7N24XMNHJ0EQDCPS8T5Q6KP',50.0,0.0,50.0,'cash',NULL,'2025-10-15 23:09:11','2025-10-15 23:09:11',NULL,NULL,NULL,NULL,NULL);
INSERT INTO receipts VALUES('rec_01K7N5M4G8CXSJB4CDNXGVK5CJ',574.389999999999986,0.0,574.389999999999986,'cash','ses_01K7MT0ZT8Y7E8QXBXVFRTJGGJ','2025-10-16 00:09:55','2025-10-16 00:09:55',NULL,574.389999999999986,'1v1',200.0,240.0);
INSERT INTO receipts VALUES('rec_01K7N5NEJYEWRJERWH70BTVV4R',838.399999999999977,0.0,838.399999999999977,'cash','ses_01K7MYE90G0PPZGKX8S3GD2SBF','2025-10-16 00:10:38','2025-10-16 00:10:38',NULL,838.399999999999977,'1v1',400.0,600.0);
INSERT INTO receipts VALUES('rec_01K7N5S6T0MDMA0YVB1R3BB3PH',160.0,0.0,160.0,'cash',NULL,'2025-10-16 00:12:41','2025-10-16 00:12:41',NULL,NULL,NULL,NULL,NULL);
INSERT INTO receipts VALUES('rec_01K7N7HDJX8NC7C333RPAN1XPT',1401.83999999999991,0.0,1401.83999999999991,'cash','ses_01K7MV9CP99J3JYX0XH7S4F63C','2025-10-16 00:43:23','2025-10-16 00:43:23',NULL,1401.83999999999991,'1v1',400.0,600.0);
INSERT INTO receipts VALUES('rec_01K7N7JVZ32VAJ3EXQ2NM5FVRN',390.0,0.0,390.0,'cash',NULL,'2025-10-16 00:44:11','2025-10-16 00:44:11',NULL,NULL,NULL,NULL,NULL);
INSERT INTO receipts VALUES('rec_01K7NC1JG13QP5ZA0NDCH33EB8',50.0,0.0,50.0,'cash',NULL,'2025-10-16 02:02:07','2025-10-16 02:02:07',NULL,NULL,NULL,NULL,NULL);
INSERT INTO receipts VALUES('rec_01K7NCY769H8P2J4068EAW8RQX',50.0,0.0,50.0,'cash',NULL,'2025-10-16 02:17:45','2025-10-16 02:17:45',NULL,NULL,NULL,NULL,NULL);
INSERT INTO receipts VALUES('rec_01K7ND34W8KDJW7XC0PQBCA1H7',90.0,0.0,90.0,'cash',NULL,'2025-10-16 02:20:27','2025-10-16 02:20:27',NULL,NULL,NULL,NULL,NULL);
INSERT INTO receipts VALUES('rec_01K7NFGRQ888ZWXSV4CGB9WYXK',180.0,0.0,180.0,'cash',NULL,'2025-10-16 03:02:50','2025-10-16 03:02:50',NULL,NULL,NULL,NULL,NULL);
INSERT INTO receipts VALUES('rec_01K7NFJ80NPRSAR8FX6RYQKNN3',120.0,0.0,120.0,'cash',NULL,'2025-10-16 03:03:39','2025-10-16 03:03:39',NULL,NULL,NULL,NULL,NULL);
INSERT INTO receipts VALUES('rec_01K7NJFY88P1ZJX8PBDCYWVARD',50.0,0.0,50.0,'cash',NULL,'2025-10-16 03:54:49','2025-10-16 03:54:49',NULL,NULL,NULL,NULL,NULL);
INSERT INTO receipts VALUES('rec_01K7NKBE6SE5C2DRJ53Z2K7VS4',220.0,0.0,220.0,'cash',NULL,'2025-10-16 04:09:50','2025-10-16 04:09:50',NULL,NULL,NULL,NULL,NULL);
INSERT INTO receipts VALUES('rec_01K7PYZES2YB0ST1VT5B9G9YCB',260.0,0.0,260.0,'cash',NULL,'2025-10-16 16:52:15','2025-10-16 16:52:15',NULL,NULL,NULL,NULL,NULL);
INSERT INTO receipts VALUES('rec_01K7Q4Y9TE90K3GZDCPCQAWVK8',200.0,0.0,200.0,'cash',NULL,'2025-10-16 18:36:28','2025-10-16 18:36:28',NULL,NULL,NULL,NULL,NULL);
INSERT INTO receipts VALUES('rec_01K7Q54R1HV3RA62V1ZDTN672P',60.0,0.0,60.0,'cash',NULL,'2025-10-16 18:40:00','2025-10-16 18:40:00',NULL,NULL,NULL,NULL,NULL);
INSERT INTO receipts VALUES('rec_01K7Q7NEGFJZQRCGP04XYS1JPD',223.870000000000004,0.0,223.870000000000004,'cash','ses_01K7Q3T3JPY9REBZNH8MA6FEM7','2025-10-16 19:24:04','2025-10-16 19:24:04',NULL,223.870000000000004,'1v1',200.0,240.0);
INSERT INTO receipts VALUES('rec_01K7Q7Q150FD02Z5F7B8RVR2P1',80.0,0.0,80.0,'cash',NULL,'2025-10-16 19:24:56','2025-10-16 19:24:56',NULL,NULL,NULL,NULL,NULL);
INSERT INTO receipts VALUES('rec_01K7Q8ERDB4HM91SSGVT50N1CG',113.599999999999994,0.0,113.599999999999994,'cash','ses_01K7Q4VYRJ965PTK7SW6DEC2S3','2025-10-16 19:37:53','2025-10-16 19:37:53',NULL,113.599999999999994,'1v1',200.0,240.0);
INSERT INTO receipts VALUES('rec_01K7QBEX7HMEKS7H1PTYCD9AZE',240.0,0.0,240.0,'cash',NULL,'2025-10-16 20:30:24','2025-10-16 20:30:24',NULL,NULL,NULL,NULL,NULL);
INSERT INTO receipts VALUES('rec_01K7QBHQE133Z7V31ENNJA2CA7',120.0,0.0,120.0,'cash',NULL,'2025-10-16 20:31:56','2025-10-16 20:31:56',NULL,NULL,NULL,NULL,NULL);
INSERT INTO receipts VALUES('rec_01K7QBWAGPSP9AWJCQ4GEDZGQ2',380.0,0.0,380.0,'cash',NULL,'2025-10-16 20:37:44','2025-10-16 20:37:44',NULL,NULL,NULL,NULL,NULL);
INSERT INTO receipts VALUES('rec_01K7QBZS6XX5TH8FZ749K6KR6X',60.0,0.0,60.0,'cash',NULL,'2025-10-16 20:39:37','2025-10-16 20:39:37',NULL,NULL,NULL,NULL,NULL);
INSERT INTO receipts VALUES('rec_01K7QC5JS65WHE2CPFCV1YZK0C',60.0,0.0,60.0,'cash',NULL,'2025-10-16 20:42:47','2025-10-16 20:42:47',NULL,NULL,NULL,NULL,NULL);
INSERT INTO receipts VALUES('rec_01K7QF4P7309GCVPBXKW7MQ1SZ',70.0,0.0,70.0,'cash',NULL,'2025-10-16 21:34:43','2025-10-16 21:34:43',NULL,NULL,NULL,NULL,NULL);
INSERT INTO receipts VALUES('rec_01K7QH8M68VPJCMXX7B66WZYX8',107.049999999999997,0.0,107.049999999999997,'cash','ses_01K7QFDH0MXN5XAKT27YXRKPBX','2025-10-16 22:11:50','2025-10-16 22:11:50',NULL,107.049999999999997,'1v1',200.0,240.0);
INSERT INTO receipts VALUES('rec_01K7QK2MSM6M1D5XYVM91R4SVG',409.060000000000002,0.0,409.060000000000002,'cash','ses_01K7QFJ7DXYFBR71BNT0N8HCX1','2025-10-16 22:43:31','2025-10-16 22:43:31',NULL,409.060000000000002,'1v1',400.0,600.0);
INSERT INTO receipts VALUES('rec_01K7QK4QBCD52CNZZ70RRF6R5B',4.65000000000000035,0.0,4.65000000000000035,'cash','ses_01K7QFDEZPJDJD35A5R99JN8RX','2025-10-16 22:44:39','2025-10-16 22:44:39',NULL,4.65000000000000035,'1v1',400.0,600.0);
INSERT INTO receipts VALUES('rec_01K7QMAQBE351EPN3F74TCNBW5',312.829999999999984,0.0,312.829999999999984,'cash','ses_01K7QEYT5D22CAD1N2YS55W9K6','2025-10-16 23:05:24','2025-10-16 23:05:24',NULL,312.829999999999984,'1v1',200.0,240.0);
INSERT INTO receipts VALUES('rec_01K7QMHTMYN29KRX3SK8MX06TG',180.0,0.0,180.0,'cash',NULL,'2025-10-16 23:09:17','2025-10-16 23:09:17',NULL,NULL,NULL,NULL,NULL);
INSERT INTO receipts VALUES('rec_01K7QNEWVT3TDHNG5X7YV3D4A9',90.0,0.0,90.0,'cash',NULL,'2025-10-16 23:25:09','2025-10-16 23:25:09',NULL,NULL,NULL,NULL,NULL);
INSERT INTO receipts VALUES('rec_01K7QNG9CC7STPB76KK3RP0NJB',220.0,0.0,220.0,'cash',NULL,'2025-10-16 23:25:55','2025-10-16 23:25:55',NULL,NULL,NULL,NULL,NULL);
INSERT INTO receipts VALUES('rec_01K7QNWB3XPCPYQ6BAXD6P4X9M',80.0,0.0,80.0,'cash',NULL,'2025-10-16 23:32:30','2025-10-16 23:32:30',NULL,NULL,NULL,NULL,NULL);
INSERT INTO receipts VALUES('rec_01K7QNYWC860K9VMTBEC2J731F',322.839999999999975,0.0,322.839999999999975,'cash','ses_01K7QK5Y1ZN42PFQ0QB4XD42HA','2025-10-16 23:33:53','2025-10-16 23:33:53',NULL,322.839999999999975,'1v1',400.0,600.0);
INSERT INTO receipts VALUES('rec_01K7QNZFT641A4JRAZPMB03GR5',0.359999999999999986,0.0,0.359999999999999986,'cash','ses_01K7QNZ83PB869XRJCQRG8JZXY','2025-10-16 23:34:13','2025-10-16 23:34:13',NULL,0.359999999999999986,'1v1',400.0,600.0);
INSERT INTO receipts VALUES('rec_01K7QRCDZBF2CTMNAQ7R6Z3K0N',100.0,0.0,100.0,'cash',NULL,'2025-10-17 00:16:14','2025-10-17 00:16:14',NULL,NULL,NULL,NULL,NULL);
INSERT INTO receipts VALUES('rec_01K7QRD7AH95HMNEXZ4WCF7KDK',80.0,0.0,80.0,'cash',NULL,'2025-10-17 00:16:40','2025-10-17 00:16:40',NULL,NULL,NULL,NULL,NULL);
INSERT INTO receipts VALUES('rec_01K7QT1K6ZVTQN81PCE1SMW2JY',688.409999999999968,0.0,688.409999999999968,'cash','ses_01K7QM4E6D78QX7DJJ1Q1PP2SV','2025-10-17 00:45:16','2025-10-17 00:45:16',NULL,688.409999999999968,'1v1',400.0,600.0);
INSERT INTO receipts VALUES('rec_01K7QV3V3F5VQM7J7MEW6E5HXJ',712.669999999999959,0.0,712.669999999999959,'cash','ses_01K7QEWA6C5BNJGB4NKC3J9MDR','2025-10-17 01:03:59','2025-10-17 01:03:59',NULL,712.669999999999959,'1v1',200.0,240.0);
INSERT INTO receipts VALUES('rec_01K7QV43EGH1ZE1ZWMKF033BVE',120.0,0.0,120.0,'cash',NULL,'2025-10-17 01:04:07','2025-10-17 01:04:07',NULL,NULL,NULL,NULL,NULL);
INSERT INTO receipts VALUES('rec_01K7QV5P8W71ZB6D6A4JPQHYN8',90.0,0.0,90.0,'cash',NULL,'2025-10-17 01:04:59','2025-10-17 01:04:59',NULL,NULL,NULL,NULL,NULL);
INSERT INTO receipts VALUES('rec_01K7QV5YAJSWGWXP7BZHQ6QEXX',60.0,0.0,60.0,'cash',NULL,'2025-10-17 01:05:07','2025-10-17 01:05:07',NULL,NULL,NULL,NULL,NULL);
INSERT INTO receipts VALUES('rec_01K7QV67M7XJK9SKDF6VBS75DE',70.0,0.0,70.0,'cash',NULL,'2025-10-17 01:05:17','2025-10-17 01:05:17',NULL,NULL,NULL,NULL,NULL);
INSERT INTO receipts VALUES('rec_01K7QV6GYVPY1CZYHDWTN6HF3W',50.0,0.0,50.0,'cash',NULL,'2025-10-17 01:05:27','2025-10-17 01:05:27',NULL,NULL,NULL,NULL,NULL);
INSERT INTO receipts VALUES('rec_01K7QV6QR3TBEAPVHXZA83PX2J',50.0,0.0,50.0,'cash',NULL,'2025-10-17 01:05:33','2025-10-17 01:05:33',NULL,NULL,NULL,NULL,NULL);
INSERT INTO receipts VALUES('rec_01K7QV7CKKQR5VP4TVRVAMQ4FJ',60.0,0.0,60.0,'cash',NULL,'2025-10-17 01:05:55','2025-10-17 01:05:55',NULL,NULL,NULL,NULL,NULL);
INSERT INTO receipts VALUES('rec_01K7QV7K0SZM93KP0G3VXFEJF1',40.0,0.0,40.0,'cash',NULL,'2025-10-17 01:06:01','2025-10-17 01:06:01',NULL,NULL,NULL,NULL,NULL);
INSERT INTO receipts VALUES('rec_01K7QV849WJBWBYXR1FJSF2DZ1',80.0,0.0,80.0,'cash',NULL,'2025-10-17 01:06:19','2025-10-17 01:06:19',NULL,NULL,NULL,NULL,NULL);
INSERT INTO receipts VALUES('rec_01K7QV9BHKBHEJDKNSKVQRWCAZ',80.0,0.0,80.0,'cash',NULL,'2025-10-17 01:06:59','2025-10-17 01:06:59',NULL,NULL,NULL,NULL,NULL);
INSERT INTO receipts VALUES('rec_01K7QY4ZCP4S92K2G4D99QQ9J9',180.0,0.0,180.0,'cash',NULL,'2025-10-17 01:57:01','2025-10-17 01:57:01',NULL,NULL,NULL,NULL,NULL);
INSERT INTO receipts VALUES('rec_01K7SEYRA8W7E2Y8VXANA74WEK',60.0,0.0,60.0,'cash',NULL,'2025-10-17 16:09:58','2025-10-17 16:09:58',NULL,NULL,NULL,NULL,NULL);
INSERT INTO receipts VALUES('rec_01K7SF05PNQV2WW2527M41YTNQ',60.0,0.0,60.0,'cash',NULL,'2025-10-17 16:10:44','2025-10-17 16:10:44',NULL,NULL,NULL,NULL,NULL);
INSERT INTO receipts VALUES('rec_01K7SF0DE18TXPBJRQG1QDAWFH',60.0,0.0,60.0,'cash',NULL,'2025-10-17 16:10:52','2025-10-17 16:10:52',NULL,NULL,NULL,NULL,NULL);
INSERT INTO receipts VALUES('rec_01K7SF0PXVJZCCTXG4CW17C8FN',60.0,0.0,60.0,'cash',NULL,'2025-10-17 16:11:02','2025-10-17 16:11:02',NULL,NULL,NULL,NULL,NULL);
INSERT INTO receipts VALUES('rec_01K7SF1CVGGSZ34425HAT2S75Q',80.0,0.0,80.0,'cash',NULL,'2025-10-17 16:11:24','2025-10-17 16:11:24',NULL,NULL,NULL,NULL,NULL);
INSERT INTO receipts VALUES('rec_01K7SF37RWQB5BXPY06SGMHGJK',180.0,0.0,180.0,'cash',NULL,'2025-10-17 16:12:25','2025-10-17 16:12:25',NULL,NULL,NULL,NULL,NULL);
INSERT INTO receipts VALUES('rec_01K7SF4NH3YK7QTVA0TVHT66PR',120.0,0.0,120.0,'cash',NULL,'2025-10-17 16:13:12','2025-10-17 16:13:12',NULL,NULL,NULL,NULL,NULL);
INSERT INTO receipts VALUES('rec_01K7SF7NWCZ4E6QER0E5V7964S',30.0,0.0,30.0,'cash',NULL,'2025-10-17 16:14:50','2025-10-17 16:14:50',NULL,NULL,NULL,NULL,NULL);
INSERT INTO receipts VALUES('rec_01K7SFB5JQ1PF5F5VP4NF1GTG9',80.0,0.0,80.0,'cash',NULL,'2025-10-17 16:16:45','2025-10-17 16:16:45',NULL,NULL,NULL,NULL,NULL);
INSERT INTO receipts VALUES('rec_01K7SKHT6ZZB89FEW9QKCX9DXW',276.220000000000027,0.0,276.220000000000027,'cash','ses_01K7SET1JKSS837FSWY2SHSDV4','2025-10-17 17:30:17','2025-10-17 17:30:17',NULL,276.220000000000027,'1v1',200.0,240.0);
INSERT INTO receipts VALUES('rec_01K7SNPNDDR34EE395H3Y4N5Z4',310.439999999999997,0.0,310.439999999999997,'cash','ses_01K7SJQ4SDXPE0Q28MFV1VNTZK','2025-10-17 18:07:53','2025-10-17 18:07:53',NULL,310.439999999999997,'1v1',400.0,600.0);
INSERT INTO receipts VALUES('rec_01K7SNR2QD50B2Q4HYZPSR5NXN',60.0,0.0,60.0,'cash',NULL,'2025-10-17 18:08:39','2025-10-17 18:08:39',NULL,NULL,NULL,NULL,NULL);
INSERT INTO receipts VALUES('rec_01K7SPCSHZ6K66K7MA5F92D459',70.0,0.0,70.0,'cash',NULL,'2025-10-17 18:19:58','2025-10-17 18:19:58',NULL,NULL,NULL,NULL,NULL);
INSERT INTO receipts VALUES('rec_01K7SPNYBBZH4APAFSV62JZC49',540.0,0.0,540.0,'cash',NULL,'2025-10-17 18:24:58','2025-10-17 18:24:58',NULL,NULL,NULL,NULL,NULL);
INSERT INTO receipts VALUES('rec_01K7SPVHFDEAP2VMSXM7V0H30P',360.0,0.0,360.0,'cash',NULL,'2025-10-17 18:28:01','2025-10-17 18:28:01',NULL,NULL,NULL,NULL,NULL);
INSERT INTO receipts VALUES('rec_01K7SPWFNYWWWVE4PP4D0B3TQM',120.0,0.0,120.0,'cash',NULL,'2025-10-17 18:28:32','2025-10-17 18:28:32',NULL,NULL,NULL,NULL,NULL);
INSERT INTO receipts VALUES('rec_01K7SQFQSQXTQ8SB408MM3VHKY',30.0,0.0,30.0,'cash',NULL,'2025-10-17 18:39:03','2025-10-17 18:39:03',NULL,NULL,NULL,NULL,NULL);
INSERT INTO receipts VALUES('rec_01K7SQT4ZNX793TJQR3KGM79TD',540.0,0.0,540.0,'cash',NULL,'2025-10-17 18:44:44','2025-10-17 18:44:44',NULL,NULL,NULL,NULL,NULL);
INSERT INTO receipts VALUES('rec_01K7SQYXX0R4AKVQ8NGG5M5GD4',172.25,0.0,172.25,'cash','ses_01K7SN08XGBC9T2A23J0S2E50E','2025-10-17 18:47:21','2025-10-17 18:47:21',NULL,172.25,'1v1',200.0,240.0);
INSERT INTO receipts VALUES('rec_01K7SR2GXBW5Q5BXD9NRFVS5AK',13.8699999999999992,0.0,13.8699999999999992,'cash','ses_01K7SQYNJR9KW2S0Y2ZJ174JQD','2025-10-17 18:49:19','2025-10-17 18:49:19',NULL,13.8699999999999992,'1v1',400.0,600.0);
INSERT INTO receipts VALUES('rec_01K7SR883PWE9TTHSMET208HM7',60.0,0.0,60.0,'cash',NULL,'2025-10-17 18:52:26','2025-10-17 18:52:26',NULL,NULL,NULL,NULL,NULL);
INSERT INTO receipts VALUES('rec_01K7SRW9BCM5HNXC60FF8KEEP2',240.0,0.0,240.0,'cash',NULL,'2025-10-17 19:03:23','2025-10-17 19:03:23',NULL,NULL,NULL,NULL,NULL);
INSERT INTO receipts VALUES('rec_01K7SRZ4F90AV1FGWP8J6CVBDX',110.0,0.0,110.0,'cash',NULL,'2025-10-17 19:04:56','2025-10-17 19:04:56',NULL,NULL,NULL,NULL,NULL);
INSERT INTO receipts VALUES('rec_01K7SS0F4RDK1S9CFZRVS0SG1E',140.0,0.0,140.0,'cash',NULL,'2025-10-17 19:05:40','2025-10-17 19:05:40',NULL,NULL,NULL,NULL,NULL);
INSERT INTO receipts VALUES('rec_01K7SS0TNDGFZ8K9MC10676ZWP',60.0,0.0,60.0,'cash',NULL,'2025-10-17 19:05:52','2025-10-17 19:05:52',NULL,NULL,NULL,NULL,NULL);
INSERT INTO receipts VALUES('rec_01K7SVHWB0QRSSR5ANR1NVMYVX',558.399999999999977,0.0,558.399999999999977,'cash','ses_01K7SHZ25D8ME4SCMS94AMB4N6','2025-10-17 19:50:07','2025-10-17 19:50:07',NULL,558.399999999999977,'1v1',200.0,240.0);
INSERT INTO receipts VALUES('rec_01K7SW6SCG7S4BVT3F344ZD1PQ',120.0,0.0,120.0,'cash',NULL,'2025-10-17 20:01:33','2025-10-17 20:01:33',NULL,NULL,NULL,NULL,NULL);
INSERT INTO receipts VALUES('rec_01K7SX6AKAJ4RQ9TH5M7AW0ND0',80.0,0.0,80.0,'cash',NULL,'2025-10-17 20:18:46','2025-10-17 20:18:46',NULL,NULL,NULL,NULL,NULL);
INSERT INTO receipts VALUES('rec_01K7SXTJ1PC7VTYWFPCWW03055',50.0,0.0,50.0,'cash',NULL,'2025-10-17 20:29:49','2025-10-17 20:29:49',NULL,NULL,NULL,NULL,NULL);
INSERT INTO receipts VALUES('rec_01K7SY3TQHM3VS1XGXD9RBTHY6',80.0,0.0,80.0,'cash',NULL,'2025-10-17 20:34:53','2025-10-17 20:34:53',NULL,NULL,NULL,NULL,NULL);
INSERT INTO receipts VALUES('rec_01K7SYAPH7PW471DYZMHSW1XD2',344.699999999999988,0.0,344.699999999999988,'cash','ses_01K7SR6R6E0Y44VPT9QPHDJ7JK','2025-10-17 20:38:38','2025-10-17 20:38:38',NULL,344.699999999999988,'1v1',200.0,240.0);
INSERT INTO receipts VALUES('rec_01K7SYKASZZP2ZV8B0RB1D03X3',50.0,0.0,50.0,'cash',NULL,'2025-10-17 20:43:21','2025-10-17 20:43:21',NULL,NULL,NULL,NULL,NULL);
INSERT INTO receipts VALUES('rec_01K7SYQWQRAJPPXJWSDTGQEPTC',217.310000000000002,0.0,217.310000000000002,'cash','ses_01K7SVJ0QZQY14EP0HX5BPAPWS','2025-10-17 20:45:50','2025-10-17 20:45:50',NULL,217.310000000000002,'2v2',200.0,240.0);
INSERT INTO receipts VALUES('rec_01K7SYT7Q951NK1X06G1TEQJXY',384.319999999999993,0.0,384.319999999999993,'cash','ses_01K7SR733CT50S3K9SDVP3NRXY','2025-10-17 20:47:07','2025-10-17 20:47:07',NULL,384.319999999999993,'1v1',200.0,240.0);
INSERT INTO receipts VALUES('rec_01K7SZJM8E57FM0GA1G4T3PYNS',1303.0999999999999,0.0,1303.0999999999999,'cash','ses_01K7SR2M5DS0T3SHAKG2Q63CB0','2025-10-17 21:00:26','2025-10-17 21:00:26',NULL,1303.0999999999999,'2v2',400.0,600.0);
INSERT INTO receipts VALUES('rec_01K7T18HZR4XRSAW19SMEN96TS',170.479999999999989,0.0,170.479999999999989,'cash','ses_01K7SYAWCQ1D7MWJP07B09K4KP','2025-10-17 21:29:53','2025-10-17 21:29:53',NULL,170.479999999999989,'1v1',200.0,240.0);
INSERT INTO receipts VALUES('rec_01K7T2P54ZS1J07T89B3NAN1DZ',1417.27999999999997,0.0,1417.27999999999997,'cash','ses_01K7SPGVMDAK1JJXT7C5NK4VJ2','2025-10-17 21:54:48','2025-10-17 21:54:48',NULL,1417.27999999999997,'1v1',400.0,600.0);
INSERT INTO receipts VALUES('rec_01K7T40G1G3QJQNCS14R5Z9GTN',50.0,0.0,50.0,'cash',NULL,'2025-10-17 22:17:55','2025-10-17 22:17:55',NULL,NULL,NULL,NULL,NULL);
INSERT INTO receipts VALUES('rec_01K7T648WM4TEYVR107AMT0YJW',100.0,0.0,100.0,'cash',NULL,'2025-10-17 22:54:56','2025-10-17 22:54:56',NULL,NULL,NULL,NULL,NULL);
INSERT INTO receipts VALUES('rec_01K7T7N9MGATDGAKAQHVWRKQBA',266.870000000000004,0.0,266.870000000000004,'cash','ses_01K7T32MNAB1PH56RQC1NCSXNV','2025-10-17 23:21:42','2025-10-17 23:21:42',NULL,266.870000000000004,'1v1',200.0,240.0);
INSERT INTO receipts VALUES('rec_01K7YG3K34TVD56S30EP3JZVQG',8215.03000000000065,0.0,8215.03000000000065,'cash','ses_01K7T5TD5QFRB888E5TQ8AZSHN','2025-10-19 15:06:17','2025-10-19 15:06:17',NULL,8055.02999999999974,'1v1',200.0,240.0);
INSERT INTO receipts VALUES('rec_01K7YG9DVKY7QF3VA84DRFG6QB',16450.380000000001,0.0,16450.380000000001,'cash','ses_01K7T4ZCEH6YT4MZGZSS13W87Y','2025-10-19 15:09:28','2025-10-19 15:09:28',NULL,16230.3799999999992,'1v1',400.0,600.0);
INSERT INTO receipts VALUES('rec_01K7YGA3V0C2QYZ42RSDBGP8YW',7160.43999999999959,0.0,7160.43999999999959,'cash','ses_01K7SYTBRZPY3YZ77DZJQMA1VY','2025-10-19 15:09:51','2025-10-19 15:09:51',7000.43999999999959,8474.4400000000005,'1v1',200.0,240.0);
CREATE TABLE `receipt_items` (`id` integer not null primary key autoincrement, `receipt_id` varchar(255), `product_id` varchar(255), `quantity` integer not null, `unit_price` float not null, `subtotal` float not null, `product_name` varchar(255) null, foreign key(`receipt_id`) references `receipts`(`id`) on delete CASCADE, foreign key(`product_id`) references `products`(`id`) on delete SET NULL);
INSERT INTO receipt_items VALUES(81,'rec_01K7J5YEHMQ42J9HZ2WJ7VYQ7H','01K7J5MJKMCBG6F4MPN6B5QNTD',1,70.0,70.0,'Schweppes');
INSERT INTO receipt_items VALUES(82,'rec_01K7JADQ087HB9VD9R015DF6E2','01K7J6YKA3584FXHQD08K5DMND',1,90.0,90.0,'IZEM Canette');
INSERT INTO receipt_items VALUES(83,'rec_01K7JB5YT3SP0RZS8SF2BC5CYH','01K7J8X93WVP81100VWQ5SQW0B',1,60.0,60.0,'Master Balls (Harrissa and Cheese)');
INSERT INTO receipt_items VALUES(84,'rec_01K7JBBFE2CHAMRCFDA15C4ZPN','01K7JAT3S4D87RKZH12GYFV2B8',1,50.0,50.0,'Messerghine (1.5L)');
INSERT INTO receipt_items VALUES(85,'rec_01K7JCC0AJFE2JEFR8FWHQJKJS','01K7J8D87VTQ10P176AJ83BYA0',1,50.0,50.0,'Mama Mia');
INSERT INTO receipt_items VALUES(86,'rec_01K7JEM3VVS1K2FVB82YMRVV49','01K7J85C4WTT6AEYJDAEW37YWK',1,60.0,60.0,'Chips Master Sombrero');
INSERT INTO receipt_items VALUES(87,'rec_01K7JES9QJKAK7542X916HSW9X','01K7J8JJBWEM9S25DJ831BBZFW',1,50.0,50.0,'Product Name from Tab');
INSERT INTO receipt_items VALUES(88,'rec_01K7JES9QJKAK7542X916HSW9X','01K7J632T3E02D9068JGR63WZK',1,120.0,120.0,'Product Name from Tab');
INSERT INTO receipt_items VALUES(89,'rec_01K7JFBAZ3KXK7VV3P9X9D5EZN','01K7J9XPZ5R300B0FQSSJ6R5NV',1,50.0,50.0,'Celebrity');
INSERT INTO receipt_items VALUES(90,'rec_01K7JGN3T3EX2063VFPF9CNMCZ','01K7J80A3DEZTQT4FV2JFKFJ9V',1,30.0,30.0,'Chips Master sghir');
INSERT INTO receipt_items VALUES(91,'rec_01K7JGZQQ7M67R9CCQJ6M2TQZ2','01K7J632T3E02D9068JGR63WZK',1,120.0,120.0,'Product Name from Tab');
INSERT INTO receipt_items VALUES(92,'rec_01K7JGZQQ7M67R9CCQJ6M2TQZ2','01K7J8JJBWEM9S25DJ831BBZFW',1,50.0,50.0,'Product Name from Tab');
INSERT INTO receipt_items VALUES(93,'rec_01K7JGZQQ7M67R9CCQJ6M2TQZ2','01K7J9F1NNKZ8RGDGTP31KN5TY',1,60.0,60.0,'Product Name from Tab');
INSERT INTO receipt_items VALUES(94,'rec_01K7JGZQQ7M67R9CCQJ6M2TQZ2','01K7J8RQXMDE4FQVYG59GXRD6K',1,60.0,60.0,'Product Name from Tab');
INSERT INTO receipt_items VALUES(95,'rec_01K7JGZQQ7M67R9CCQJ6M2TQZ2','01K7J8RQXMDE4FQVYG59GXRD6K',2,60.0,120.0,'Product Name from Tab');
INSERT INTO receipt_items VALUES(96,'rec_01K7JGZQQ7M67R9CCQJ6M2TQZ2','01K7JAZKDWJMXJEXBKHMCP0HRW',1,50.0,50.0,'Product Name from Tab');
INSERT INTO receipt_items VALUES(97,'rec_01K7JGZQQ7M67R9CCQJ6M2TQZ2','01K7J8X93WVP81100VWQ5SQW0B',1,60.0,60.0,'Product Name from Tab');
INSERT INTO receipt_items VALUES(98,'rec_01K7JGZQQ7M67R9CCQJ6M2TQZ2','01K7J8PYHW01S6WBSE9GAB3NW8',1,60.0,60.0,'Product Name from Tab');
INSERT INTO receipt_items VALUES(99,'rec_01K7JGZQQ7M67R9CCQJ6M2TQZ2','01K7J8PYHW01S6WBSE9GAB3NW8',1,60.0,60.0,'Product Name from Tab');
INSERT INTO receipt_items VALUES(100,'rec_01K7JGZQQ7M67R9CCQJ6M2TQZ2','01K7J632T3E02D9068JGR63WZK',1,120.0,120.0,'Coca Cola 1L');
INSERT INTO receipt_items VALUES(101,'rec_01K7JGZQQ7M67R9CCQJ6M2TQZ2','01K7J8JJBWEM9S25DJ831BBZFW',1,50.0,50.0,'Gaufrette Maxon Small');
INSERT INTO receipt_items VALUES(102,'rec_01K7JGZQQ7M67R9CCQJ6M2TQZ2','01K7J9F1NNKZ8RGDGTP31KN5TY',1,60.0,60.0,'Kool (X8)');
INSERT INTO receipt_items VALUES(103,'rec_01K7JGZQQ7M67R9CCQJ6M2TQZ2','01K7J8RQXMDE4FQVYG59GXRD6K',1,60.0,60.0,'Master (Chilli Lemon)');
INSERT INTO receipt_items VALUES(104,'rec_01K7JGZQQ7M67R9CCQJ6M2TQZ2','01K7J8RQXMDE4FQVYG59GXRD6K',2,60.0,120.0,'Master (Chilli Lemon)');
INSERT INTO receipt_items VALUES(105,'rec_01K7JGZQQ7M67R9CCQJ6M2TQZ2','01K7JAZKDWJMXJEXBKHMCP0HRW',1,50.0,50.0,'Eau Guedila (1.5L)');
INSERT INTO receipt_items VALUES(106,'rec_01K7JGZQQ7M67R9CCQJ6M2TQZ2','01K7J8X93WVP81100VWQ5SQW0B',1,60.0,60.0,'Master Balls (Harrissa and Cheese)');
INSERT INTO receipt_items VALUES(107,'rec_01K7JGZQQ7M67R9CCQJ6M2TQZ2','01K7J8PYHW01S6WBSE9GAB3NW8',1,60.0,60.0,'Master Balls (Ketchup)');
INSERT INTO receipt_items VALUES(108,'rec_01K7JGZQQ7M67R9CCQJ6M2TQZ2','01K7J8PYHW01S6WBSE9GAB3NW8',1,60.0,60.0,'Master Balls (Ketchup)');
INSERT INTO receipt_items VALUES(109,'rec_01K7JHBB0CY5FTTS228CTJ5ER0','01K7J8RQXMDE4FQVYG59GXRD6K',1,60.0,60.0,'Product Name from Tab');
INSERT INTO receipt_items VALUES(110,'rec_01K7JHBB0CY5FTTS228CTJ5ER0','01K7J8RQXMDE4FQVYG59GXRD6K',1,60.0,60.0,'Master (Chilli Lemon)');
INSERT INTO receipt_items VALUES(111,'rec_01K7JKZJ78QFGQSN66YCJ4VZJ8','01K7J632T3E02D9068JGR63WZK',1,120.0,120.0,'Coca Cola 1L');
INSERT INTO receipt_items VALUES(112,'rec_01K7M80QQ33S5M5YVVRC8S57XC','01K7J8JJBWEM9S25DJ831BBZFW',1,50.0,50.0,'Gaufrette Maxon Small');
INSERT INTO receipt_items VALUES(113,'rec_01K7MBTP2X0F0Y4YZAXBTPRA53','01K7J5TTRW9X2V4MNTB8ZR72C1',1,80.0,80.0,'IZEM');
INSERT INTO receipt_items VALUES(114,'rec_01K7MBTP2X0F0Y4YZAXBTPRA53','01K7J6YKA3584FXHQD08K5DMND',1,90.0,90.0,'IZEM Canette');
INSERT INTO receipt_items VALUES(115,'rec_01K7MHKR7W7W57MFS93SH2RVAN','01K7JCZE1JP8N012BZKHKEW8VC',13,60.0,780.0,'Pizza');
INSERT INTO receipt_items VALUES(116,'rec_01K7MJ0D772FTFBDG1G8HNS8Q9','01K7JCZE1JP8N012BZKHKEW8VC',3,60.0,180.0,'Pizza');
INSERT INTO receipt_items VALUES(117,'rec_01K7MJ0D772FTFBDG1G8HNS8Q9','01K7J5XJCKK2E8KFRXWGJSJ50D',1,80.0,80.0,'IZEM Jus');
INSERT INTO receipt_items VALUES(118,'rec_01K7MJ0D772FTFBDG1G8HNS8Q9','01K7J5TTRW9X2V4MNTB8ZR72C1',2,80.0,160.0,'IZEM');
INSERT INTO receipt_items VALUES(119,'rec_01K7MJ28YXBMQQP6MAFKGBK9BM','01K7J69TBWSQ943JZZ9BMDPAX3',1,60.0,60.0,'Jus ifruit');
INSERT INTO receipt_items VALUES(120,'rec_01K7MJ28YXBMQQP6MAFKGBK9BM','01K7JCZE1JP8N012BZKHKEW8VC',6,60.0,360.0,'Pizza');
INSERT INTO receipt_items VALUES(121,'rec_01K7MJ2WYCVAE69YF1PB1VAQCK','01K7J6HX8VC2EPCXKKC0FES6N5',1,30.0,30.0,'Rouiba');
INSERT INTO receipt_items VALUES(122,'rec_01K7MJHK11ZJE6GS5GA04DSBCY','01K7J5MJKMCBG6F4MPN6B5QNTD',1,70.0,70.0,'Schweppes');
INSERT INTO receipt_items VALUES(123,'rec_01K7MJPV454W78EAH9XZD9Y7WS','01K7JCZE1JP8N012BZKHKEW8VC',2,60.0,120.0,'Product Name from Tab');
INSERT INTO receipt_items VALUES(124,'rec_01K7MJPV454W78EAH9XZD9Y7WS','01K7JCZE1JP8N012BZKHKEW8VC',4,60.0,240.0,'Pizza');
INSERT INTO receipt_items VALUES(125,'rec_01K7MJS6TGEMP0WBDBFY0B16C4','01K7JCZE1JP8N012BZKHKEW8VC',1,60.0,60.0,'Pizza');
INSERT INTO receipt_items VALUES(126,'rec_01K7MJZ1R9NS3XBTPB7YJAHVCK','01K7JCZE1JP8N012BZKHKEW8VC',2,60.0,120.0,'Pizza');
INSERT INTO receipt_items VALUES(127,'rec_01K7MK3JCX36APV002BENECH5S','01K7J5TTRW9X2V4MNTB8ZR72C1',1,80.0,80.0,'IZEM');
INSERT INTO receipt_items VALUES(128,'rec_01K7MS8Q8XB2D11JVV7PDE62P7','01K7J8JJBWEM9S25DJ831BBZFW',1,50.0,50.0,'Gaufrette Maxon Small');
INSERT INTO receipt_items VALUES(129,'rec_01K7MSVPF5TZ9W8K81PPE19HHV','01K7JCZE1JP8N012BZKHKEW8VC',2,60.0,120.0,'Product Name from Tab');
INSERT INTO receipt_items VALUES(130,'rec_01K7MSVPF5TZ9W8K81PPE19HHV','01K7JCZE1JP8N012BZKHKEW8VC',2,60.0,120.0,'Pizza');
INSERT INTO receipt_items VALUES(131,'rec_01K7MV47CXP65B8NX8TXRS02BC','01K7J85C4WTT6AEYJDAEW37YWK',1,60.0,60.0,'Chips Master Sombrero');
INSERT INTO receipt_items VALUES(132,'rec_01K7MVRZPQJE61ZXZS6ZVQE7AS','01K7JB1N9VC1KC9SG25EEMSZ1K',1,50.0,50.0,'Eau Bouglez (1.5L)');
INSERT INTO receipt_items VALUES(133,'rec_01K7MX8WYWRRBDGDZ88V1GXJPN','01K7J6YKA3584FXHQD08K5DMND',1,90.0,90.0,'IZEM Canette');
INSERT INTO receipt_items VALUES(134,'rec_01K7MXEEQWWKN8699Q9A7HVEGE','01K7JBKCJMKHVYG1Q2BPB3WEZR',1,30.0,30.0,'Eau Ichemoul (0.5L)');
INSERT INTO receipt_items VALUES(135,'rec_01K7MXGSP3SBZTWF4D6H0008DP','01K7JAZKDWJMXJEXBKHMCP0HRW',1,50.0,50.0,'Eau Guedila (1.5L)');
INSERT INTO receipt_items VALUES(136,'rec_01K7MY3F895D7SGXDARC6EA8CP','01K7J5TTRW9X2V4MNTB8ZR72C1',1,80.0,80.0,'IZEM');
INSERT INTO receipt_items VALUES(137,'rec_01K7N24XMNHJ0EQDCPS8T5Q6KP','01K7J8JJBWEM9S25DJ831BBZFW',1,50.0,50.0,'Gaufrette Maxon Small');
INSERT INTO receipt_items VALUES(138,'rec_01K7N5S6T0MDMA0YVB1R3BB3PH','01K7J8JJBWEM9S25DJ831BBZFW',2,50.0,100.0,'Gaufrette Maxon Small');
INSERT INTO receipt_items VALUES(139,'rec_01K7N5S6T0MDMA0YVB1R3BB3PH','01K7J80A3DEZTQT4FV2JFKFJ9V',2,30.0,60.0,'Chips Master sghir');
INSERT INTO receipt_items VALUES(140,'rec_01K7N7JVZ32VAJ3EXQ2NM5FVRN','01K7J5TTRW9X2V4MNTB8ZR72C1',1,80.0,80.0,'IZEM');
INSERT INTO receipt_items VALUES(141,'rec_01K7N7JVZ32VAJ3EXQ2NM5FVRN','01K7J69TBWSQ943JZZ9BMDPAX3',3,60.0,180.0,'Jus ifruit');
INSERT INTO receipt_items VALUES(142,'rec_01K7N7JVZ32VAJ3EXQ2NM5FVRN','01K7J7A4C59Q47PAWGH7NEWHYA',1,80.0,80.0,'Ramy canette');
INSERT INTO receipt_items VALUES(143,'rec_01K7N7JVZ32VAJ3EXQ2NM5FVRN','01K7JAZKDWJMXJEXBKHMCP0HRW',1,50.0,50.0,'Eau Guedila (1.5L)');
INSERT INTO receipt_items VALUES(144,'rec_01K7NC1JG13QP5ZA0NDCH33EB8','01K7J8JJBWEM9S25DJ831BBZFW',1,50.0,50.0,'Gaufrette Maxon Small');
INSERT INTO receipt_items VALUES(145,'rec_01K7NCY769H8P2J4068EAW8RQX','01K7J8JJBWEM9S25DJ831BBZFW',1,50.0,50.0,'Gaufrette Maxon Small');
INSERT INTO receipt_items VALUES(146,'rec_01K7ND34W8KDJW7XC0PQBCA1H7','01K7JC3XJVCB051QBPAGMY0T5V',2,30.0,60.0,'Cherchel');
INSERT INTO receipt_items VALUES(147,'rec_01K7ND34W8KDJW7XC0PQBCA1H7','01K7J6HX8VC2EPCXKKC0FES6N5',1,30.0,30.0,'Rouiba');
INSERT INTO receipt_items VALUES(148,'rec_01K7NFGRQ888ZWXSV4CGB9WYXK','01K7J7040M2Y8DSS73SGF1VA6V',1,90.0,90.0,'Schweppes Canette');
INSERT INTO receipt_items VALUES(149,'rec_01K7NFGRQ888ZWXSV4CGB9WYXK','01K7JCB3RCNJR0993HRRYN582G',1,30.0,30.0,'Madlenne Bifa');
INSERT INTO receipt_items VALUES(150,'rec_01K7NFGRQ888ZWXSV4CGB9WYXK','01K7J7THSBG4G9802964N5J1V0',1,60.0,60.0,'Mahboul Grand');
INSERT INTO receipt_items VALUES(151,'rec_01K7NFJ80NPRSAR8FX6RYQKNN3','01K7J8V2TMX4G4TNQG7MS57HJX',1,70.0,70.0,'Chips Rifkus Ketchup');
INSERT INTO receipt_items VALUES(152,'rec_01K7NFJ80NPRSAR8FX6RYQKNN3','01K7J8JJBWEM9S25DJ831BBZFW',1,50.0,50.0,'Gaufrette Maxon Small');
INSERT INTO receipt_items VALUES(153,'rec_01K7NJFY88P1ZJX8PBDCYWVARD','01K7J8JJBWEM9S25DJ831BBZFW',1,50.0,50.0,'Gaufrette Maxon Small');
INSERT INTO receipt_items VALUES(154,'rec_01K7NKBE6SE5C2DRJ53Z2K7VS4','01K7J6YKA3584FXHQD08K5DMND',1,90.0,90.0,'IZEM Canette');
INSERT INTO receipt_items VALUES(155,'rec_01K7NKBE6SE5C2DRJ53Z2K7VS4','01K7JAT3S4D87RKZH12GYFV2B8',2,50.0,100.0,'Eau Messerghine (1.5L)');
INSERT INTO receipt_items VALUES(156,'rec_01K7NKBE6SE5C2DRJ53Z2K7VS4','01K7J80A3DEZTQT4FV2JFKFJ9V',1,30.0,30.0,'Chips Master sghir');
INSERT INTO receipt_items VALUES(157,'rec_01K7PYZES2YB0ST1VT5B9G9YCB','01K7J9Q384B66RR7FSDXPXC6SG',2,30.0,60.0,'Kool (x4)');
INSERT INTO receipt_items VALUES(158,'rec_01K7PYZES2YB0ST1VT5B9G9YCB','01K7J85C4WTT6AEYJDAEW37YWK',1,60.0,60.0,'Chips Master Sombrero');
INSERT INTO receipt_items VALUES(159,'rec_01K7PYZES2YB0ST1VT5B9G9YCB','01K7J8PYHW01S6WBSE9GAB3NW8',1,60.0,60.0,'Master Balls (Ketchup)');
INSERT INTO receipt_items VALUES(160,'rec_01K7PYZES2YB0ST1VT5B9G9YCB','01K7J5TTRW9X2V4MNTB8ZR72C1',1,80.0,80.0,'IZEM');
INSERT INTO receipt_items VALUES(161,'rec_01K7Q4Y9TE90K3GZDCPCQAWVK8','01K7JCZE1JP8N012BZKHKEW8VC',2,60.0,120.0,'Pizza');
INSERT INTO receipt_items VALUES(162,'rec_01K7Q4Y9TE90K3GZDCPCQAWVK8','01K7J5TTRW9X2V4MNTB8ZR72C1',1,80.0,80.0,'IZEM');
INSERT INTO receipt_items VALUES(163,'rec_01K7Q54R1HV3RA62V1ZDTN672P','01K7JCZE1JP8N012BZKHKEW8VC',1,60.0,60.0,'Pizza');
INSERT INTO receipt_items VALUES(164,'rec_01K7Q7Q150FD02Z5F7B8RVR2P1','01K7J5TTRW9X2V4MNTB8ZR72C1',1,80.0,80.0,'IZEM');
INSERT INTO receipt_items VALUES(165,'rec_01K7QBEX7HMEKS7H1PTYCD9AZE','01K7JCZE1JP8N012BZKHKEW8VC',4,60.0,240.0,'Pizza');
INSERT INTO receipt_items VALUES(166,'rec_01K7QBHQE133Z7V31ENNJA2CA7','01K7JCZE1JP8N012BZKHKEW8VC',2,60.0,120.0,'Pizza');
INSERT INTO receipt_items VALUES(167,'rec_01K7QBWAGPSP9AWJCQ4GEDZGQ2','01K7JCZE1JP8N012BZKHKEW8VC',3,60.0,180.0,'Pizza');
INSERT INTO receipt_items VALUES(168,'rec_01K7QBWAGPSP9AWJCQ4GEDZGQ2','01K7J5XJCKK2E8KFRXWGJSJ50D',1,80.0,80.0,'IZEM Jus');
INSERT INTO receipt_items VALUES(169,'rec_01K7QBWAGPSP9AWJCQ4GEDZGQ2','01K7J632T3E02D9068JGR63WZK',1,120.0,120.0,'Coca Cola 1L');
INSERT INTO receipt_items VALUES(170,'rec_01K7QBZS6XX5TH8FZ749K6KR6X','01K7JCZE1JP8N012BZKHKEW8VC',1,60.0,60.0,'Pizza');
INSERT INTO receipt_items VALUES(171,'rec_01K7QC5JS65WHE2CPFCV1YZK0C','01K7JCZE1JP8N012BZKHKEW8VC',1,60.0,60.0,'Pizza');
INSERT INTO receipt_items VALUES(172,'rec_01K7QF4P7309GCVPBXKW7MQ1SZ','01K7J8YCJCB59V8VGJM9679KF8',1,70.0,70.0,'Chips Rifkus Pizza');
INSERT INTO receipt_items VALUES(173,'rec_01K7QMHTMYN29KRX3SK8MX06TG','01K7JCZE1JP8N012BZKHKEW8VC',3,60.0,180.0,'Pizza');
INSERT INTO receipt_items VALUES(174,'rec_01K7QNEWVT3TDHNG5X7YV3D4A9','01K7J6YKA3584FXHQD08K5DMND',1,90.0,90.0,'IZEM Canette');
INSERT INTO receipt_items VALUES(175,'rec_01K7QNG9CC7STPB76KK3RP0NJB','01K7JCZE1JP8N012BZKHKEW8VC',2,60.0,120.0,'Pizza');
INSERT INTO receipt_items VALUES(176,'rec_01K7QNG9CC7STPB76KK3RP0NJB','01K7JAZKDWJMXJEXBKHMCP0HRW',1,50.0,50.0,'Eau Guedila (1.5L)');
INSERT INTO receipt_items VALUES(177,'rec_01K7QNG9CC7STPB76KK3RP0NJB','01K7J8D87VTQ10P176AJ83BYA0',1,50.0,50.0,'Mama Mia');
INSERT INTO receipt_items VALUES(178,'rec_01K7QNWB3XPCPYQ6BAXD6P4X9M','01K7J5TTRW9X2V4MNTB8ZR72C1',1,80.0,80.0,'IZEM');
INSERT INTO receipt_items VALUES(179,'rec_01K7QRCDZBF2CTMNAQ7R6Z3K0N','01K7J8JJBWEM9S25DJ831BBZFW',2,50.0,100.0,'Gaufrette Maxon Small');
INSERT INTO receipt_items VALUES(180,'rec_01K7QRD7AH95HMNEXZ4WCF7KDK','01K7J5TTRW9X2V4MNTB8ZR72C1',1,80.0,80.0,'IZEM');
INSERT INTO receipt_items VALUES(181,'rec_01K7QV43EGH1ZE1ZWMKF033BVE','01K7J632T3E02D9068JGR63WZK',1,120.0,120.0,'Coca Cola 1L');
INSERT INTO receipt_items VALUES(182,'rec_01K7QV5P8W71ZB6D6A4JPQHYN8','01K7J74NZWRGJ7V5HSCEDADEYR',1,90.0,90.0,'Cocal Cola Canette (33cl)');
INSERT INTO receipt_items VALUES(183,'rec_01K7QV5YAJSWGWXP7BZHQ6QEXX','01K7J8RQXMDE4FQVYG59GXRD6K',1,60.0,60.0,'Chips Master (Chilli Lemon)');
INSERT INTO receipt_items VALUES(184,'rec_01K7QV67M7XJK9SKDF6VBS75DE','01K7JAB805V3X0HR55SQ6WHR0W',1,70.0,70.0,'Kool 4 Winners');
INSERT INTO receipt_items VALUES(185,'rec_01K7QV6GYVPY1CZYHDWTN6HF3W','01K7J9XPZ5R300B0FQSSJ6R5NV',1,50.0,50.0,'Celebrity');
INSERT INTO receipt_items VALUES(186,'rec_01K7QV6QR3TBEAPVHXZA83PX2J','01K7JAZKDWJMXJEXBKHMCP0HRW',1,50.0,50.0,'Eau Guedila (1.5L)');
INSERT INTO receipt_items VALUES(187,'rec_01K7QV7CKKQR5VP4TVRVAMQ4FJ','01K7J8RQXMDE4FQVYG59GXRD6K',1,60.0,60.0,'Chips Master (Chilli Lemon)');
INSERT INTO receipt_items VALUES(188,'rec_01K7QV7K0SZM93KP0G3VXFEJF1','01K7JC7S8C5NR2RH1QNHVW0V21',1,40.0,40.0,'Snow Ball');
INSERT INTO receipt_items VALUES(189,'rec_01K7QV849WJBWBYXR1FJSF2DZ1','01K7J5XJCKK2E8KFRXWGJSJ50D',1,80.0,80.0,'IZEM Jus');
INSERT INTO receipt_items VALUES(190,'rec_01K7QV9BHKBHEJDKNSKVQRWCAZ','01K7J77NBC7MM1S7CBMXGFC1V3',1,80.0,80.0,'Slim et Hamoud');
INSERT INTO receipt_items VALUES(191,'rec_01K7QY4ZCP4S92K2G4D99QQ9J9','01K7J7THSBG4G9802964N5J1V0',2,60.0,120.0,'Chips Mahboul Grand');
INSERT INTO receipt_items VALUES(192,'rec_01K7QY4ZCP4S92K2G4D99QQ9J9','01K7J88S84RZ6H2CRAWYM50J2K',1,60.0,60.0,'Chips Master Balls ');
INSERT INTO receipt_items VALUES(193,'rec_01K7SEYRA8W7E2Y8VXANA74WEK','01K7J9Q384B66RR7FSDXPXC6SG',2,30.0,60.0,'Kool (x4)');
INSERT INTO receipt_items VALUES(194,'rec_01K7SF05PNQV2WW2527M41YTNQ','01K7J8PYHW01S6WBSE9GAB3NW8',1,60.0,60.0,'Chips Master Balls (Ketchup)');
INSERT INTO receipt_items VALUES(195,'rec_01K7SF0DE18TXPBJRQG1QDAWFH','01K7J8RQXMDE4FQVYG59GXRD6K',1,60.0,60.0,'Chips Master (Chilli Lemon)');
INSERT INTO receipt_items VALUES(196,'rec_01K7SF0PXVJZCCTXG4CW17C8FN','01K7J8X93WVP81100VWQ5SQW0B',1,60.0,60.0,'Chips Master Balls (Harrissa and Cheese)');
INSERT INTO receipt_items VALUES(197,'rec_01K7SF1CVGGSZ34425HAT2S75Q','01K7J5TTRW9X2V4MNTB8ZR72C1',1,80.0,80.0,'IZEM');
INSERT INTO receipt_items VALUES(198,'rec_01K7SF37RWQB5BXPY06SGMHGJK','01K7J69TBWSQ943JZZ9BMDPAX3',3,60.0,180.0,'Jus ifruit');
INSERT INTO receipt_items VALUES(199,'rec_01K7SF4NH3YK7QTVA0TVHT66PR','01K7J996G48879CDBPD10KXGT4',1,120.0,120.0,'Bimo Cookies');
INSERT INTO receipt_items VALUES(200,'rec_01K7SF7NWCZ4E6QER0E5V7964S','01K7J80A3DEZTQT4FV2JFKFJ9V',1,30.0,30.0,'Chips Master sghir');
INSERT INTO receipt_items VALUES(201,'rec_01K7SFB5JQ1PF5F5VP4NF1GTG9','01K7J5TTRW9X2V4MNTB8ZR72C1',1,80.0,80.0,'IZEM');
INSERT INTO receipt_items VALUES(202,'rec_01K7SNR2QD50B2Q4HYZPSR5NXN','01K7JCZE1JP8N012BZKHKEW8VC',1,60.0,60.0,'Pizza');
INSERT INTO receipt_items VALUES(203,'rec_01K7SPCSHZ6K66K7MA5F92D459','01K7J5MJKMCBG6F4MPN6B5QNTD',1,70.0,70.0,'Schweppes');
INSERT INTO receipt_items VALUES(204,'rec_01K7SPNYBBZH4APAFSV62JZC49','01K7J5MJKMCBG6F4MPN6B5QNTD',1,70.0,70.0,'Schweppes');
INSERT INTO receipt_items VALUES(205,'rec_01K7SPNYBBZH4APAFSV62JZC49','01K7J8JJBWEM9S25DJ831BBZFW',2,50.0,100.0,'Gaufrette Maxon Small');
INSERT INTO receipt_items VALUES(206,'rec_01K7SPNYBBZH4APAFSV62JZC49','01K7J88S84RZ6H2CRAWYM50J2K',1,60.0,60.0,'Chips Master Balls ');
INSERT INTO receipt_items VALUES(207,'rec_01K7SPNYBBZH4APAFSV62JZC49','01K7J8RQXMDE4FQVYG59GXRD6K',2,60.0,120.0,'Chips Master (Chilli Lemon)');
INSERT INTO receipt_items VALUES(208,'rec_01K7SPNYBBZH4APAFSV62JZC49','01K7JAB805V3X0HR55SQ6WHR0W',1,70.0,70.0,'Kool 4 Winners');
INSERT INTO receipt_items VALUES(209,'rec_01K7SPNYBBZH4APAFSV62JZC49','01K7J69TBWSQ943JZZ9BMDPAX3',2,60.0,120.0,'Jus ifruit');
INSERT INTO receipt_items VALUES(210,'rec_01K7SPVHFDEAP2VMSXM7V0H30P','01K7JCZE1JP8N012BZKHKEW8VC',6,60.0,360.0,'Pizza');
INSERT INTO receipt_items VALUES(211,'rec_01K7SPWFNYWWWVE4PP4D0B3TQM','01K7JCZE1JP8N012BZKHKEW8VC',2,60.0,120.0,'Pizza');
INSERT INTO receipt_items VALUES(212,'rec_01K7SQFQSQXTQ8SB408MM3VHKY','01K7J80A3DEZTQT4FV2JFKFJ9V',1,30.0,30.0,'Chips Master sghir');
INSERT INTO receipt_items VALUES(213,'rec_01K7SQT4ZNX793TJQR3KGM79TD','01K7JCZE1JP8N012BZKHKEW8VC',9,60.0,540.0,'Pizza');
INSERT INTO receipt_items VALUES(214,'rec_01K7SR883PWE9TTHSMET208HM7','01K7JCZE1JP8N012BZKHKEW8VC',1,60.0,60.0,'Pizza');
INSERT INTO receipt_items VALUES(215,'rec_01K7SRW9BCM5HNXC60FF8KEEP2','01K7JCZE1JP8N012BZKHKEW8VC',4,60.0,240.0,'Pizza');
INSERT INTO receipt_items VALUES(216,'rec_01K7SRZ4F90AV1FGWP8J6CVBDX','01K7JBKCJMKHVYG1Q2BPB3WEZR',1,30.0,30.0,'Eau Ichemoul (0.5L)');
INSERT INTO receipt_items VALUES(217,'rec_01K7SRZ4F90AV1FGWP8J6CVBDX','01K7J77NBC7MM1S7CBMXGFC1V3',1,80.0,80.0,'Slim et Hamoud');
INSERT INTO receipt_items VALUES(218,'rec_01K7SS0F4RDK1S9CFZRVS0SG1E','01K7J6YKA3584FXHQD08K5DMND',1,90.0,90.0,'IZEM Canette');
INSERT INTO receipt_items VALUES(219,'rec_01K7SS0F4RDK1S9CFZRVS0SG1E','01K7J8JJBWEM9S25DJ831BBZFW',1,50.0,50.0,'Gaufrette Maxon Small');
INSERT INTO receipt_items VALUES(220,'rec_01K7SS0TNDGFZ8K9MC10676ZWP','01K7JCZE1JP8N012BZKHKEW8VC',1,60.0,60.0,'Pizza');
INSERT INTO receipt_items VALUES(221,'rec_01K7SW6SCG7S4BVT3F344ZD1PQ','01K7J8A7NCB4HW5DE4ZPBRB4EX',1,120.0,120.0,'Chips Master Grand');
INSERT INTO receipt_items VALUES(222,'rec_01K7SX6AKAJ4RQ9TH5M7AW0ND0','01K7J5TTRW9X2V4MNTB8ZR72C1',1,80.0,80.0,'IZEM');
INSERT INTO receipt_items VALUES(223,'rec_01K7SXTJ1PC7VTYWFPCWW03055','01K7J8JJBWEM9S25DJ831BBZFW',1,50.0,50.0,'Gaufrette Maxon Small');
INSERT INTO receipt_items VALUES(224,'rec_01K7SY3TQHM3VS1XGXD9RBTHY6','01K7J5TTRW9X2V4MNTB8ZR72C1',1,80.0,80.0,'IZEM');
INSERT INTO receipt_items VALUES(225,'rec_01K7SYKASZZP2ZV8B0RB1D03X3','01K7JAT3S4D87RKZH12GYFV2B8',1,50.0,50.0,'Eau Messerghine (1.5L)');
INSERT INTO receipt_items VALUES(226,'rec_01K7T40G1G3QJQNCS14R5Z9GTN','01K7JB1N9VC1KC9SG25EEMSZ1K',1,50.0,50.0,'Eau Bouglez (1.5L)');
INSERT INTO receipt_items VALUES(227,'rec_01K7T648WM4TEYVR107AMT0YJW','01K7JB1N9VC1KC9SG25EEMSZ1K',2,50.0,100.0,'Eau Bouglez (1.5L)');
INSERT INTO receipt_items VALUES(228,'rec_01K7YG3K34TVD56S30EP3JZVQG','01K7J5XJCKK2E8KFRXWGJSJ50D',1,80.0,80.0,'Product Name from Tab');
INSERT INTO receipt_items VALUES(229,'rec_01K7YG3K34TVD56S30EP3JZVQG','01K7J5XJCKK2E8KFRXWGJSJ50D',1,80.0,80.0,'IZEM Jus');
INSERT INTO receipt_items VALUES(230,'rec_01K7YG9DVKY7QF3VA84DRFG6QB','01K7J5MJKMCBG6F4MPN6B5QNTD',2,70.0,140.0,'Schweppes');
INSERT INTO receipt_items VALUES(231,'rec_01K7YG9DVKY7QF3VA84DRFG6QB','01K7J5TTRW9X2V4MNTB8ZR72C1',1,80.0,80.0,'IZEM');
INSERT INTO receipt_items VALUES(232,'rec_01K7YGA3V0C2QYZ42RSDBGP8YW','01K7J5TTRW9X2V4MNTB8ZR72C1',1,80.0,80.0,'IZEM');
INSERT INTO receipt_items VALUES(233,'rec_01K7YGA3V0C2QYZ42RSDBGP8YW','01K7J5XJCKK2E8KFRXWGJSJ50D',1,80.0,80.0,'IZEM Jus');
DELETE FROM sqlite_sequence;
INSERT INTO sqlite_sequence VALUES('knex_migrations_lock',1);
INSERT INTO sqlite_sequence VALUES('knex_migrations',15);
INSERT INTO sqlite_sequence VALUES('users',1);
INSERT INTO sqlite_sequence VALUES('receipt_items',233);
INSERT INTO sqlite_sequence VALUES('session_items',31);
CREATE UNIQUE INDEX `products_barcode_unique` on `products` (`barcode`);
CREATE UNIQUE INDEX `users_username_unique` on `users` (`username`);
COMMIT;
